"","gameID","one","season","pitches","PA","called_strikes","whiffs","swings","pitches_outside_zone","bad_calls","BIP","H","BIP_outs","BB","SO","delta_run_exp","game_seq","game_of_seas_seq"
"1","2015-04-06_462382",1,2015,24,5,3,4,9,14,0,2,0,2,1,1,-0.577,1,1
"2","2015-04-07_592533",1,2015,17,4,4,0,6,10,1,4,2,2,0,0,0.714,2,2
"3","2015-04-08_462382",1,2015,27,4,5,2,15,13,0,3,1,2,0,1,0.235,3,3
"4","2015-04-10_502202",1,2015,30,6,9,2,10,15,1,4,2,2,1,1,1.617,4,4
"5","2015-04-11_502042",1,2015,19,4,4,1,8,8,1,3,1,2,1,0,0.169,5,5
"6","2015-04-12_457117",1,2015,20,5,3,3,9,10,2,3,1,2,1,1,-0.587,6,6
"7","2015-04-13_462382",1,2015,19,4,1,3,12,7,0,3,0,3,0,1,-1.121,7,7
"8","2015-04-16_460283",1,2015,18,4,4,0,8,7,0,4,1,3,0,0,-0.372,8,8
"9","2015-04-17_112526",1,2015,14,4,1,1,6,5,0,3,0,3,0,1,-0.505,9,9
"10","2015-04-18_456776",1,2015,25,5,6,7,9,17,4,1,1,0,0,4,-0.969,10,10
"11","2015-04-19_456776",1,2015,23,5,3,7,11,12,0,2,0,2,0,3,-1.543,11,11
"12","2015-05-08_433589",1,2015,17,4,3,4,9,10,0,2,0,2,0,2,-1.062,12,12
"13","2015-05-09_425657",1,2015,34,5,7,4,13,13,0,1,0,1,1,3,-0.981,13,13
"14","2015-05-10_285064",1,2015,16,4,1,0,8,9,0,3,1,2,1,0,0.122,14,14
"15","2015-05-11_425844",1,2015,14,4,3,2,6,6,0,3,2,1,0,1,1.601,15,15
"16","2015-05-12_502211",1,2015,13,3,2,1,5,6,0,1,0,1,1,1,-0.425,16,16
"17","2015-05-13_435045",1,2015,20,5,5,2,7,8,0,3,0,3,0,1,-1.135,17,17
"18","2015-05-15_276351",1,2015,17,5,4,0,6,9,0,3,1,2,1,1,-0.369,18,18
"19","2015-05-17_571946",1,2015,11,3,4,1,4,4,0,2,0,2,0,1,-0.661,19,19
"20","2015-05-18_446899",1,2015,21,5,4,3,10,10,1,3,1,2,0,2,-0.686,20,20
"21","2015-05-19_476451",1,2015,19,4,4,2,5,12,2,3,1,2,0,1,-0.017,21,21
"22","2015-05-20_502624",1,2015,18,3,4,1,7,9,0,1,0,1,1,1,-0.198,22,22
"23","2015-05-21_446899",1,2015,12,5,1,1,7,6,0,4,1,3,0,1,-1.155,23,23
"24","2015-05-22_542960",1,2015,2,1,1,0,1,0,0,1,0,1,0,0,-0.224,24,24
"25","2015-05-23_519008",1,2015,21,5,3,1,9,12,0,2,1,1,1,2,-0.03,25,25
"26","2015-05-24_451085",1,2015,16,4,2,1,9,8,1,3,2,1,0,1,0.574,26,26
"27","2015-05-25_450203",1,2015,17,4,3,0,8,6,0,4,1,3,0,0,-0.616,27,27
"28","2015-05-26_491708",1,2015,22,4,4,2,10,12,2,2,2,0,0,2,-0.0679999999999999,28,28
"29","2015-05-27_453343",1,2015,9,4,2,0,4,5,1,4,1,3,0,0,0.466,29,29
"30","2015-05-29_448614",1,2015,18,4,4,4,6,12,2,2,1,1,0,2,-0.227,30,30
"31","2015-05-30_456776",1,2015,17,5,4,1,6,7,0,4,2,1,0,1,2.192,31,31
"32","2015-05-31_112526",1,2015,13,4,3,1,6,4,0,3,1,2,0,1,-0.27,32,32
"33","2015-06-01_434628",1,2015,26,4,4,3,10,15,1,2,1,0,1,1,0.514,33,33
"34","2015-06-02_429719",1,2015,12,4,4,2,6,6,2,2,0,2,0,2,-1.099,34,34
"35","2015-06-03_460701",1,2015,5,2,1,0,3,2,1,2,1,1,0,0,0.12,35,35
"36","2015-06-05_548357",1,2015,9,4,0,0,5,4,0,4,1,3,0,0,-0.409,36,36
"37","2015-06-06_429783",1,2015,23,5,4,2,12,9,1,4,1,3,1,0,-0.579,37,37
"38","2015-06-07_452718",1,2015,10,4,1,0,5,4,0,4,1,3,0,0,-0.341,38,38
"39","2015-06-08_462136",1,2015,9,4,0,2,8,5,0,3,0,3,0,1,-0.848,39,39
"40","2015-06-09_279824",1,2015,13,4,3,3,8,9,2,3,1,2,0,1,0.261,40,40
"41","2015-06-10_571577",1,2015,17,4,3,5,8,12,0,2,1,1,0,2,0.072,41,41
"42","2015-06-11_115629",1,2015,22,5,6,1,4,14,0,3,2,1,1,1,1.086,42,42
"43","2015-06-12_452718",1,2015,22,4,5,3,6,13,0,2,1,1,1,1,0.104,43,43
"44","2015-06-13_115629",1,2015,13,4,4,0,5,5,0,3,1,2,0,1,-0.643,44,44
"45","2015-06-14_407822",1,2015,12,4,2,0,4,7,0,3,0,3,1,0,-0.386,45,45
"46","2015-06-15_542432",1,2015,17,4,2,1,9,12,0,4,2,2,0,0,0.438,46,46
"47","2015-06-16_425626",1,2015,15,5,3,2,7,7,0,3,2,1,1,1,-0.07,47,47
"48","2015-06-17_476454",1,2015,19,4,2,2,8,9,0,3,1,2,1,0,0.804,48,48
"49","2015-06-18_282332",1,2015,17,4,2,2,7,12,0,3,0,3,0,1,-0.933,49,49
"50","2015-06-19_502190",1,2015,15,4,4,1,5,6,0,2,1,1,0,2,-0.158,50,50
"51","2015-06-20_448159",1,2015,22,4,4,3,8,10,0,1,1,0,1,2,0.515,51,51
"52","2015-06-21_543331",1,2015,10,4,2,0,6,4,0,4,0,4,0,0,-1.023,52,52
"53","2015-06-23_543779",1,2015,15,4,4,3,7,6,0,2,2,0,0,2,-0.079,53,53
"54","2015-06-25_329092",1,2015,19,4,3,1,7,11,1,4,0,4,0,0,-0.847,54,54
"55","2015-06-26_474463",1,2015,21,5,4,3,7,14,1,1,0,1,1,2,-0.535,55,55
"56","2015-06-27_434442",1,2015,15,4,2,2,8,7,0,4,4,0,0,0,1.402,56,56
"57","2015-06-28_425844",1,2015,20,4,5,2,6,13,2,3,2,1,1,0,0.832,57,57
"58","2015-06-30_285064",1,2015,13,4,5,0,3,5,0,2,1,1,1,1,0.69,58,58
"59","2015-07-01_433586",1,2015,24,4,3,1,8,14,1,2,1,1,2,0,0.792,59,59
"60","2015-07-02_430912",1,2015,20,4,4,0,4,13,0,1,1,0,2,1,0.494,60,60
"61","2015-07-03_434628",1,2015,22,4,4,2,10,11,0,2,1,1,0,2,0.194,61,61
"62","2015-07-04_453385",1,2015,13,5,2,2,8,3,0,4,2,2,0,1,-0.109,62,62
"63","2015-07-05_435400",1,2015,19,5,4,0,6,11,1,3,1,2,1,0,0.145,63,63
"64","2015-07-07_489119",1,2015,10,4,4,0,4,4,2,4,3,1,0,0,1.877,64,64
"65","2015-07-08_519144",1,2015,26,4,6,0,9,14,0,3,0,3,1,0,-0.851,65,65
"66","2015-07-09_488674",1,2015,21,5,1,2,10,16,1,2,0,2,1,1,-0.389,66,66
"67","2015-07-10_502190",1,2015,15,4,2,2,6,10,2,2,0,2,1,1,-0.437,67,67
"68","2015-07-11_448159",1,2015,17,5,1,1,10,6,0,5,3,2,0,0,1.937,68,68
"69","2015-07-12_456501",1,2015,19,4,4,2,5,10,1,2,1,1,1,1,0.021,69,69
"70","2015-07-17_571704",1,2015,14,4,2,0,9,5,0,4,1,3,0,0,-0.28,70,70
"71","2015-07-18_451532",1,2015,18,4,1,1,10,9,0,4,1,3,0,0,-0.24,71,71
"72","2015-07-19_430935",1,2015,25,5,2,3,13,12,0,4,1,3,1,0,-0.179,72,72
"73","2015-07-20_424144",1,2015,9,4,1,2,6,4,0,4,2,2,0,0,0.656,73,73
"74","2015-07-21_476451",1,2015,12,4,2,0,5,6,0,4,2,2,0,0,0.398,74,74
"75","2015-07-22_592662",1,2015,13,4,2,1,5,6,0,3,0,3,0,0,-0.615,75,75
"76","2015-07-23_475115",1,2015,16,4,1,3,7,11,0,2,2,0,1,1,0.917,76,76
"77","2015-07-24_276542",1,2015,18,4,2,0,7,13,1,2,0,2,1,1,-0.693,77,77
"78","2015-07-25_276542",1,2015,10,4,2,1,6,3,0,4,1,3,0,0,-0.626,78,78
"79","2015-07-26_276542",1,2015,15,4,1,1,7,10,0,3,0,3,0,1,-0.701,79,79
"80","2015-07-28_519301",1,2015,8,4,2,1,5,2,0,4,2,2,0,0,0.826,80,80
"81","2015-07-29_450729",1,2015,16,4,2,3,7,10,2,2,0,2,0,2,-0.645,81,81
"82","2015-07-30_449097",1,2015,15,4,3,1,7,9,2,4,2,2,0,0,-0.387,82,82
"83","2015-07-31_276542",1,2015,19,5,3,2,10,8,1,3,2,1,0,2,1.534,83,83
"84","2015-08-01_276542",1,2015,14,4,2,4,8,10,2,2,0,2,0,2,-0.823,84,84
"85","2015-08-02_448306",1,2015,16,4,5,0,2,11,2,2,0,2,1,1,-0.384,85,85
"86","2015-08-03_112526",1,2015,16,4,4,0,7,7,1,4,3,1,0,0,1.377,86,86
"87","2015-08-04_461325",1,2015,21,4,4,1,10,8,1,2,1,1,0,2,-0.738,87,87
"88","2015-08-05_447714",1,2015,17,5,2,1,9,7,0,4,0,4,0,1,-1.554,88,88
"89","2015-08-06_605374",1,2015,20,5,2,1,11,9,0,5,3,2,0,0,0.728,89,89
"90","2015-08-07_527054",1,2015,14,4,1,0,7,8,0,3,1,2,0,1,0.25,90,90
"91","2015-08-08_592314",1,2015,9,4,2,0,4,4,0,4,1,3,0,0,-0.418,91,91
"92","2015-08-09_502010",1,2015,20,5,1,3,11,12,0,4,3,1,0,1,0.471,92,92
"93","2015-08-25_450203",1,2015,17,4,3,2,8,9,0,3,2,1,0,1,1.086,93,93
"94","2015-08-26_502046",1,2015,11,3,1,1,6,7,0,3,0,3,0,0,-1.119,94,94
"95","2015-08-30_449097",1,2015,1,1,0,0,1,0,0,1,1,0,0,0,0.721,95,95
"96","2015-08-31_493247",1,2015,6,2,1,0,2,3,0,2,1,1,0,0,0.495,96,96
"97","2015-09-01_516970",1,2015,18,5,4,0,5,10,0,4,2,2,1,0,1.192,97,97
"98","2015-09-02_429719",1,2015,18,5,2,1,9,9,1,5,4,1,0,0,1.534,98,98
"99","2015-09-04_447714",1,2015,20,6,4,3,10,12,1,5,2,3,0,1,0.164,99,99
"100","2015-09-05_112526",1,2015,15,4,3,1,8,5,0,4,1,3,0,0,-0.419,100,100
"101","2015-09-06_461325",1,2015,11,5,0,2,6,5,0,3,1,2,0,1,-0.557,101,101
"102","2015-09-07_592804",1,2015,14,4,4,2,6,11,2,2,0,2,0,2,-1.219,102,102
"103","2015-09-08_346798",1,2015,18,4,2,2,5,14,0,2,1,1,2,0,0.642,103,103
"104","2015-09-09_516414",1,2015,24,4,3,1,10,12,1,1,1,0,2,1,1.599,104,104
"105","2015-09-11_461829",1,2015,18,4,3,0,8,6,0,4,1,3,0,0,-0.491,105,105
"106","2015-09-12_407819",1,2015,15,4,1,0,8,9,0,4,1,3,0,0,-0.386,106,106
"107","2015-09-13_453286",1,2015,19,4,4,1,10,6,1,3,0,3,0,1,-0.974,107,107
"108","2015-09-14_543219",1,2015,12,4,1,0,6,6,0,4,0,4,0,0,-1.225,108,108
"109","2015-09-15_447714",1,2015,12,5,1,0,5,5,0,5,3,2,0,0,0.911,109,109
"110","2015-09-16_112526",1,2015,25,5,3,3,11,15,1,4,1,3,0,1,-0.122,110,110
"111","2015-09-17_450729",1,2015,17,4,2,0,6,11,0,4,2,2,0,0,-0.258,111,111
"112","2015-09-18_407819",1,2015,21,5,4,3,9,10,1,3,2,1,0,2,1.302,112,112
"113","2015-09-19_519301",1,2015,15,4,2,0,7,6,0,4,2,2,0,0,0.942,113,113
"114","2015-09-20_544931",1,2015,17,4,2,2,8,10,0,3,2,1,0,1,-0.135,114,114
"115","2015-09-22_421685",1,2015,14,4,2,1,6,9,0,2,0,2,1,1,-0.353,115,115
"116","2015-09-23_429400",1,2015,16,5,3,0,5,10,1,4,1,3,0,0,-0.7,116,116
"117","2015-09-24_429400",1,2015,17,4,3,1,5,9,0,3,1,1,0,1,0.03,117,117
"118","2015-09-25_516970",1,2015,25,5,5,1,6,14,0,3,3,0,1,1,2.728,118,118
"119","2015-09-26_527054",1,2015,22,5,3,0,6,15,2,4,1,3,1,0,-0.217,119,119
"120","2015-09-27_527055",1,2015,23,5,6,2,9,10,0,4,1,3,0,1,-1.364,120,120
"121","2015-09-29_458584",1,2015,12,4,3,1,6,4,1,3,2,1,0,1,0.92,121,121
"122","2015-09-30_502202",1,2015,25,5,7,2,6,14,2,2,1,1,1,2,0.142,122,122
"123","2015-10-01_458584",1,2015,14,4,3,3,4,8,0,1,0,1,1,2,-0.281,123,123
"124","2015-10-03_421685",1,2015,48,9,5,2,19,24,0,9,8,1,1,0,3.87,124,124
"125","2015-10-04_571527",1,2015,10,2,1,3,6,8,0,1,0,1,0,1,-0.569,125,125
"126","2016-04-05_434378",1,2016,14,5,2,2,7,5,0,4,1,3,0,1,-0.368,126,1
"127","2016-04-06_408061",1,2016,21,5,3,1,8,9,0,3,1,2,1,0,0.955,127,2
"128","2016-04-07_424144",1,2016,27,5,4,1,6,17,0,2,1,1,3,0,0.66,128,3
"129","2016-04-10_449097",1,2016,21,4,3,1,5,13,1,2,1,1,2,0,1.228,129,4
"130","2016-04-11_455374",1,2016,25,5,6,5,10,16,3,2,2,0,0,3,0.837,130,5
"131","2016-04-12_449104",1,2016,20,4,1,2,10,12,0,2,1,1,1,1,-0.096,131,6
"132","2016-04-13_460283",1,2016,13,4,3,1,4,7,1,3,2,1,0,1,-0.00199999999999999,132,7
"133","2016-04-15_468396",1,2016,17,5,4,1,7,6,0,4,3,1,0,1,0.805,133,8
"134","2016-04-16_276351",1,2016,23,5,3,1,5,15,0,2,0,2,3,0,0.181,134,9
"135","2016-04-17_462382",1,2016,21,5,4,0,9,10,0,3,0,3,1,1,-0.53,135,10
"136","2016-04-18_424144",1,2016,14,4,4,2,5,4,1,3,2,1,0,1,0.216,136,11
"137","2016-04-19_544931",1,2016,11,3,3,0,2,5,0,2,0,2,1,0,-0.424,137,12
"138","2016-04-20_433589",1,2016,18,4,4,1,5,11,2,2,2,0,1,1,0.504,138,13
"139","2016-04-21_279571",1,2016,19,4,3,0,6,12,0,3,1,2,1,0,-0.061,139,14
"140","2016-04-22_425657",1,2016,16,4,3,0,7,8,0,4,3,1,0,0,1.397,140,15
"141","2016-04-23_408241",1,2016,17,4,4,1,4,11,1,3,1,2,1,0,0.096,141,16
"142","2016-04-24_430912",1,2016,18,5,4,2,10,7,1,3,1,2,0,2,-1.643,142,17
"143","2016-04-25_488786",1,2016,21,4,3,1,9,10,0,3,1,2,0,1,-0.644,143,18
"144","2016-04-26_434442",1,2016,17,5,2,1,8,8,0,5,3,2,0,0,1.255,144,19
"145","2016-04-27_431148",1,2016,22,4,5,0,6,10,0,3,0,3,0,0,-0.819,145,20
"146","2016-04-28_520980",1,2016,17,4,3,2,8,9,0,3,1,2,0,1,-0.622,146,21
"147","2016-04-29_430641",1,2016,20,4,5,2,5,11,1,1,0,1,1,2,-0.896,147,22
"148","2016-04-30_425626",1,2016,27,6,6,2,10,12,0,3,1,2,2,1,1.119,148,23
"149","2016-05-01_430641",1,2016,7,1,1,0,3,3,0,1,0,1,0,0,-0.472,149,24
"150","2016-05-03_461325",1,2016,19,4,4,2,7,9,1,3,1,2,0,1,0.171,150,25
"151","2016-05-04_523989",1,2016,19,4,4,1,6,11,1,4,1,3,0,0,0.274,151,26
"152","2016-05-05_542609",1,2016,28,4,6,1,13,10,0,2,1,1,0,2,0.776,152,27
"153","2016-05-06_592826",1,2016,13,4,4,0,5,4,0,4,2,2,0,0,1.278,153,28
"154","2016-05-07_476451",1,2016,17,4,5,2,6,6,0,4,2,2,0,0,0.17,154,29
"155","2016-05-08_491646",1,2016,20,5,3,0,6,13,2,4,1,3,1,0,0.621,155,30
"156","2016-05-09_457779",1,2016,15,4,1,0,3,12,0,2,0,2,2,0,-0.4,156,31
"157","2016-05-10_430641",1,2016,14,4,5,0,3,9,2,3,1,2,1,0,-0.185,157,32
"158","2016-05-11_502624",1,2016,12,3,4,2,3,8,2,1,0,1,0,2,-0.505,158,33
"159","2016-05-13_461829",1,2016,13,4,4,2,6,6,0,2,1,1,0,2,-1.097,159,34
"160","2016-05-14_424144",1,2016,44,9,10,2,15,24,4,6,2,4,2,2,1.417,160,35
"161","2016-05-15_433589",1,2016,19,4,4,1,5,13,2,3,0,3,0,1,-1.067,161,36
"162","2016-05-16_542587",1,2016,15,5,2,2,7,8,1,4,2,2,0,1,0.822,162,37
"163","2016-05-17_542587",1,2016,20,4,3,1,6,12,1,3,2,1,0,1,0.046,163,38
"164","2016-05-18_476451",1,2016,16,4,3,1,6,10,0,4,2,2,0,0,0.788,164,39
"165","2016-05-20_543699",1,2016,13,4,4,0,4,5,0,4,1,3,0,0,-0.368,165,40
"166","2016-05-27_502032",1,2016,4,1,0,0,0,4,0,0,0,0,1,0,0.253,166,41
"167","2016-05-28_447714",1,2016,4,1,2,0,1,2,0,0,0,0,0,1,-0.219,167,42
"168","2016-05-29_447714",1,2016,24,5,5,1,10,12,1,5,1,4,0,0,-0.895,168,43
"169","2016-05-30_502046",1,2016,12,3,2,0,5,4,0,3,0,3,0,0,-0.309,169,44
"170","2016-05-31_543037",1,2016,23,4,4,1,8,12,0,2,2,0,1,1,1.059,170,45
"171","2016-06-01_477003",1,2016,23,4,5,1,10,9,1,3,1,1,0,1,0.722,171,46
"172","2016-06-02_453172",1,2016,22,6,4,2,8,13,0,5,3,2,0,1,0.48,172,47
"173","2016-06-03_592665",1,2016,18,4,4,2,9,7,0,3,2,1,0,1,0.983,173,48
"174","2016-06-04_112526",1,2016,26,5,6,1,11,12,1,4,2,2,1,0,0.811,174,49
"175","2016-06-05_518774",1,2016,12,3,1,0,5,7,0,3,1,2,0,0,-0.15,175,50
"176","2016-06-07_472551",1,2016,20,5,6,3,7,11,0,3,1,2,0,2,-0.711,176,51
"177","2016-06-08_445060",1,2016,18,5,3,4,10,8,1,3,1,2,0,2,-0.824,177,52
"178","2016-06-09_429722",1,2016,17,5,3,0,10,5,1,5,2,3,0,0,0.843,178,53
"179","2016-06-10_518567",1,2016,14,5,1,2,8,6,0,4,2,2,0,1,0.984,179,54
"180","2016-06-11_446899",1,2016,18,5,1,3,6,10,0,3,0,3,2,0,-1.201,180,55
"181","2016-06-12_592662",1,2016,10,3,2,0,2,7,0,2,0,2,1,0,-0.227,181,56
"182","2016-06-13_543272",1,2016,16,5,2,5,10,8,0,3,2,1,0,2,0.797,182,57
"183","2016-06-14_453646",1,2016,21,4,3,2,11,11,1,3,1,2,0,1,-0.845,183,58
"184","2016-06-15_488748",1,2016,19,4,3,2,10,12,1,2,1,1,0,2,0.341,184,59
"185","2016-06-17_542674",1,2016,18,4,2,0,5,12,1,3,1,2,1,0,1.516,185,60
"186","2016-06-18_502522",1,2016,17,5,5,0,7,8,3,5,2,3,0,0,1.332,186,61
"187","2016-06-19_542881",1,2016,18,4,6,1,4,10,1,2,1,1,0,2,-0.507,187,62
"188","2016-06-20_435400",1,2016,3,1,1,0,0,2,0,0,0,0,0,0,0.116,188,63
"189","2016-06-21_502032",1,2016,17,5,4,5,7,7,0,1,1,0,1,3,-0.149,189,64
"190","2016-06-22_592433",1,2016,25,4,6,3,9,14,1,2,0,2,0,2,-0.74,190,65
"191","2016-06-23_452657",1,2016,15,4,2,2,7,7,0,2,1,1,1,1,0.289,191,66
"192","2016-06-24_475243",1,2016,25,4,2,1,12,15,0,2,0,2,1,1,-0.844,192,67
"193","2016-06-25_407793",1,2016,16,4,4,1,5,10,2,3,1,2,1,0,0.279,193,68
"194","2016-06-26_434628",1,2016,22,5,4,3,8,10,0,3,2,1,0,2,0.5,194,69
"195","2016-06-28_460059",1,2016,13,5,3,1,6,4,0,5,2,3,0,0,0.651,195,70
"196","2016-06-29_543935",1,2016,20,5,5,3,9,7,1,2,2,0,0,3,-0.396,196,71
"197","2016-06-30_462382",1,2016,28,5,4,1,11,18,0,1,0,1,2,2,-0.322,197,72
"198","2016-07-01_527054",1,2016,21,6,4,3,9,12,0,4,2,2,0,2,-0.532,198,73
"199","2016-07-02_449173",1,2016,17,4,4,1,7,10,1,3,1,2,0,1,-0.388,199,74
"200","2016-07-03_571871",1,2016,13,5,2,0,9,4,1,5,3,2,0,0,0.491,200,75
"201","2016-07-04_460283",1,2016,19,5,3,4,9,8,1,3,2,1,0,2,0.8,201,76
"202","2016-07-05_571927",1,2016,10,4,1,1,4,5,0,3,0,3,0,0,-0.367,202,77
"203","2016-07-06_592665",1,2016,12,4,3,1,5,3,0,3,1,2,0,1,-0.659,203,78
"204","2016-07-08_456027",1,2016,18,4,3,0,5,10,0,3,2,1,1,0,2.034,204,79
"205","2016-07-09_543424",1,2016,20,4,3,3,11,10,0,1,0,1,0,3,-1.455,205,80
"206","2016-07-10_595001",1,2016,25,5,4,2,12,17,1,3,3,0,0,2,0.919,206,81
"207","2016-07-15_448802",1,2016,22,5,4,2,8,12,0,3,1,2,1,1,-0.126,207,82
"208","2016-07-16_425794",1,2016,19,4,3,0,6,11,0,3,1,2,1,0,0.223,208,83
"209","2016-07-17_455009",1,2016,12,5,4,0,5,3,0,5,2,3,0,0,0.24,209,84
"210","2016-07-18_491646",1,2016,14,5,5,1,5,5,0,3,1,2,0,2,0.045,210,85
"211","2016-07-19_592826",1,2016,20,5,5,1,7,8,0,4,2,2,0,1,1.024,211,86
"212","2016-07-20_476451",1,2016,17,4,4,2,6,10,0,3,1,1,0,1,0.338,212,87
"213","2016-07-21_457732",1,2016,19,5,2,3,9,10,0,3,2,1,0,2,0.529,213,88
"214","2016-07-22_544727",1,2016,10,4,2,0,4,4,0,4,2,2,0,0,1.336,214,89
"215","2016-07-23_460283",1,2016,29,5,6,1,11,17,2,3,3,0,1,1,0.914,215,90
"216","2016-07-24_571927",1,2016,14,4,1,1,7,7,0,4,1,3,0,0,-0.998,216,91
"217","2016-07-25_456696",1,2016,24,4,5,1,8,13,3,3,0,3,1,0,-0.065,217,92
"218","2016-07-26_457732",1,2016,21,4,4,3,6,12,2,2,1,1,1,1,-0.383,218,93
"219","2016-07-27_519085",1,2016,19,4,3,1,8,9,1,2,0,2,1,1,-1.624,219,94
"220","2016-07-28_543779",1,2016,11,4,2,2,9,2,0,3,0,3,0,1,-0.805,220,95
"221","2016-07-30_425532",1,2016,17,5,5,2,7,10,2,4,3,1,0,1,1.875,221,96
"222","2016-07-31_543779",1,2016,14,4,2,3,7,10,1,2,0,2,1,1,-0.327,222,97
"223","2016-08-01_543294",1,2016,19,4,3,2,8,8,0,3,1,2,0,1,-0.127,223,98
"224","2016-08-02_434628",1,2016,14,4,3,0,6,9,2,4,1,3,0,0,-0.777,224,99
"225","2016-08-03_407793",1,2016,23,5,5,2,8,11,1,4,3,1,0,1,1.641,225,100
"226","2016-08-05_407822",1,2016,12,5,0,1,8,6,0,5,1,4,0,0,-1.103,226,101
"227","2016-08-06_459429",1,2016,27,5,3,3,12,16,0,3,2,1,1,1,1.155,227,102
"228","2016-08-07_457429",1,2016,14,5,2,1,7,6,1,5,3,2,0,0,1.964,228,103
"229","2016-08-08_433586",1,2016,31,6,6,4,10,22,3,4,3,1,0,2,2.153,229,104
"230","2016-08-09_425657",1,2016,13,4,4,2,6,7,1,3,1,2,0,1,-1.011,230,105
"231","2016-08-10_502188",1,2016,15,4,3,2,7,7,0,3,0,3,0,1,-0.668,231,106
"232","2016-08-12_518858",1,2016,21,4,5,6,10,10,1,0,0,0,0,4,-1.368,232,107
"233","2016-08-13_448306",1,2016,21,5,4,2,8,13,2,3,2,1,0,2,-0.248,233,108
"234","2016-08-14_519242",1,2016,13,4,2,3,7,6,0,3,0,3,0,1,-1.339,234,109
"235","2016-08-15_456027",1,2016,21,5,5,1,6,12,0,3,0,2,1,1,-0.593,235,110
"236","2016-08-16_543101",1,2016,13,4,3,1,6,6,0,3,2,1,0,1,1.264,236,111
"237","2016-08-17_456701",1,2016,8,4,0,1,6,1,0,3,1,2,0,1,-0.706,237,112
"238","2016-08-18_502028",1,2016,27,4,4,4,15,9,0,1,0,1,0,3,-0.924,238,113
"239","2016-08-19_543037",1,2016,15,5,1,4,9,5,0,3,3,0,1,1,2.601,239,114
"240","2016-08-20_502046",1,2016,17,4,1,0,7,9,0,4,0,4,0,0,-1.058,240,115
"241","2016-08-21_285064",1,2016,14,4,5,1,3,6,0,2,1,1,1,1,0.875,241,116
"242","2016-08-23_465657",1,2016,21,4,3,4,10,12,0,2,0,2,1,1,-0.695,242,117
"243","2016-08-24_425426",1,2016,13,4,2,1,4,8,0,2,1,1,1,1,1.197,243,118
"244","2016-08-25_450172",1,2016,29,5,4,4,12,17,1,2,1,1,1,2,-0.135,244,119
"245","2016-08-26_523848",1,2016,23,5,5,0,8,12,0,3,1,2,2,0,0.358,245,120
"246","2016-08-27_453385",1,2016,14,4,2,5,8,8,1,2,0,2,0,2,-1.615,246,121
"247","2016-08-28_606131",1,2016,12,4,4,0,5,4,0,4,0,4,0,0,-0.821,247,122
"248","2016-08-29_460283",1,2016,25,5,4,5,9,15,0,1,0,1,2,2,-0.18,248,123
"249","2016-08-30_570663",1,2016,18,4,2,2,7,12,0,3,1,2,1,0,1.321,249,124
"250","2016-08-31_112526",1,2016,15,4,4,0,7,10,3,4,2,1,0,0,1.238,250,125
"251","2016-09-01_519294",1,2016,19,5,3,2,9,8,0,4,3,1,1,0,3.21,251,126
"252","2016-09-02_453249",1,2016,18,4,4,5,9,11,2,1,0,1,0,3,-1.02,252,127
"253","2016-09-03_453192",1,2016,11,4,2,0,3,6,0,3,1,2,1,0,1.254,253,128
"254","2016-09-04_517593",1,2016,23,6,3,4,10,12,0,3,1,2,0,2,-0.658,254,129
"255","2016-09-05_491646",1,2016,22,4,4,0,10,12,1,4,0,4,0,0,-1.115,255,130
"256","2016-09-06_593576",1,2016,12,4,3,2,4,8,2,2,0,2,0,1,-0.443,256,131
"257","2016-09-07_476451",1,2016,16,4,2,2,8,8,0,3,1,2,0,1,-0.0420000000000001,257,132
"258","2016-09-09_434442",1,2016,19,4,0,2,14,7,0,4,2,2,0,0,0.533,258,133
"259","2016-09-10_430599",1,2016,12,3,3,3,6,6,1,1,0,1,0,2,-0.711,259,134
"260","2016-09-11_445926",1,2016,25,4,4,4,13,14,0,3,2,1,0,1,1.144,260,135
"261","2016-09-12_542432",1,2016,20,5,3,6,11,13,0,3,2,1,0,2,0.704,261,136
"262","2016-09-13_475054",1,2016,21,5,1,1,8,14,0,3,2,1,2,0,1.69,262,137
"263","2016-09-14_527054",1,2016,12,4,2,2,6,6,0,2,0,2,1,1,-1.104,263,138
"264","2016-09-16_472610",1,2016,21,6,2,7,9,16,0,2,0,2,0,3,-1.156,264,139
"265","2016-09-17_476451",1,2016,4,2,1,0,2,1,0,2,0,2,0,0,-1.012,265,140
"266","2016-09-18_570257",1,2016,15,4,4,1,7,2,0,3,1,1,0,1,1.495,266,141
"267","2016-09-19_502009",1,2016,12,4,3,1,6,3,0,2,1,1,0,2,0.828,267,142
"268","2016-09-20_543699",1,2016,6,3,1,0,3,2,0,3,1,2,0,0,-0.493,268,143
"269","2016-09-21_453286",1,2016,17,4,3,3,7,10,1,3,1,2,0,1,0.382,269,144
"270","2016-09-22_475054",1,2016,17,4,3,2,6,9,1,3,0,3,1,0,-0.679,270,145
"271","2016-09-23_605538",1,2016,24,4,4,0,7,14,0,3,0,3,1,0,-0.497,271,146
"272","2016-09-24_503444",1,2016,16,4,3,0,4,9,0,3,0,3,1,0,-0.583,272,147
"273","2016-09-26_112526",1,2016,24,5,4,2,8,17,3,2,1,1,0,2,-0.233,273,148
"274","2016-09-27_544727",1,2016,14,4,2,2,6,8,1,3,0,3,0,1,-1.147,274,149
"275","2016-09-28_592665",1,2016,16,4,3,1,5,9,1,3,1,2,1,0,0.39,275,150
"276","2016-09-30_430634",1,2016,14,5,2,0,5,9,0,4,2,1,0,0,1.361,276,151
"277","2016-10-01_519240",1,2016,23,4,4,1,7,15,1,2,1,1,2,0,0.621,277,152
"278","2016-10-02_424144",1,2016,16,5,5,1,7,5,1,4,3,1,0,1,1.637,278,153
"279","2017-04-03_519301",1,2017,11,4,3,1,6,2,0,3,0,3,0,1,-1.053,279,1
"280","2017-04-05_543699",1,2017,22,5,2,2,13,9,0,4,2,2,0,1,0.0729999999999999,280,2
"281","2017-04-06_461829",1,2017,25,5,4,2,9,16,1,3,2,1,1,1,0.444,281,3
"282","2017-04-07_519294",1,2017,14,5,4,0,4,7,0,4,2,2,0,1,0.988,282,4
"283","2017-04-08_460283",1,2017,27,6,4,3,17,13,0,4,0,4,0,2,-2.218,283,5
"284","2017-04-09_592665",1,2017,22,5,5,3,9,11,2,2,0,2,0,2,-0.922,284,6
"285","2017-04-11_112526",1,2017,11,4,1,2,7,4,0,4,3,1,0,0,1.35,285,7
"286","2017-04-12_448802",1,2017,13,4,3,1,5,6,0,3,0,2,0,1,-0.554,286,8
"287","2017-04-13_519294",1,2017,36,7,3,4,15,26,0,2,1,1,2,3,0.902,287,9
"288","2017-04-14_460283",1,2017,15,4,2,2,7,9,1,3,0,3,0,1,-1.547,288,10
"289","2017-04-15_477569",1,2017,14,4,3,0,4,9,0,3,1,2,0,1,0.917,289,11
"290","2017-04-16_518774",1,2017,11,4,2,1,5,6,1,4,1,3,0,0,-0.993,290,12
"291","2017-04-17_519267",1,2017,18,4,4,0,9,6,0,4,2,2,0,0,0.559,291,13
"292","2017-04-18_451596",1,2017,16,4,2,1,8,8,0,4,2,2,0,0,0.892,292,14
"293","2017-04-19_433587",1,2017,19,5,3,1,7,11,0,5,3,2,0,0,1.5,293,15
"294","2017-04-21_502239",1,2017,14,4,2,4,8,7,0,2,0,2,0,2,-0.985,294,16
"295","2017-04-22_450308",1,2017,16,5,5,3,8,7,3,4,0,4,0,1,-1.311,295,17
"296","2017-04-23_534812",1,2017,22,5,3,2,5,15,0,3,2,1,2,0,0.887,296,18
"297","2017-04-26_276542",1,2017,10,4,1,1,5,4,0,4,0,4,0,0,-0.942,297,19
"298","2017-04-27_450212",1,2017,12,4,3,0,5,7,2,4,2,2,0,0,1.338,298,20
"299","2017-04-28_453281",1,2017,24,5,6,0,10,11,2,5,4,1,0,0,1.215,299,21
"300","2017-04-29_467100",1,2017,11,3,2,2,5,5,0,3,0,3,0,0,-0.751,300,22
"301","2017-04-30_553878",1,2017,17,5,1,3,10,10,0,4,1,3,0,1,-1.397,301,23
"302","2017-05-01_543144",1,2017,21,4,2,1,11,11,0,4,0,4,0,0,-1.029,302,24
"303","2017-05-02_502171",1,2017,16,4,2,1,7,10,2,4,0,4,0,0,-1.435,303,25
"304","2017-05-03_605483",1,2017,18,5,3,0,7,9,0,5,2,3,0,0,-0.438,304,26
"305","2017-05-04_542882",1,2017,21,4,2,1,5,15,0,0,0,0,2,2,0.253,305,27
"306","2017-05-05_460283",1,2017,24,5,4,1,9,13,0,3,1,2,1,0,0.086,306,28
"307","2017-05-07_572831",1,2017,24,5,4,1,10,12,0,3,1,2,1,1,-0.69,307,29
"308","2017-05-08_462515",1,2017,17,4,5,2,7,5,0,3,2,1,0,1,0.719,308,30
"309","2017-05-09_425794",1,2017,5,1,2,0,1,3,1,0,0,0,0,1,-0.17,309,31
"310","2017-05-10_446399",1,2017,19,5,3,3,10,9,0,3,2,1,0,2,0.2,310,32
"311","2017-05-12_462382",1,2017,16,5,3,1,8,7,0,5,2,3,0,0,0.283,311,33
"312","2017-05-13_527054",1,2017,18,4,3,1,7,8,0,4,1,3,0,0,-0.709,312,34
"313","2017-05-14_285079",1,2017,17,4,3,1,4,10,0,2,1,1,2,0,0.524,313,35
"314","2017-05-15_502748",1,2017,25,6,4,5,12,13,1,3,1,2,0,2,-0.454,314,36
"315","2017-05-16_572971",1,2017,16,3,3,2,8,10,0,0,0,0,0,3,-0.86,315,37
"316","2017-05-17_606965",1,2017,22,4,3,3,12,12,0,2,0,2,0,2,-1.307,316,38
"317","2017-05-18_501593",1,2017,13,4,1,0,5,8,0,3,1,2,1,0,0.566,317,39
"318","2017-05-19_622072",1,2017,18,4,2,3,10,9,0,3,0,3,0,1,-1.273,318,40
"319","2017-05-20_451661",1,2017,26,5,8,1,7,13,0,2,0,2,2,1,0.255,319,41
"320","2017-05-21_435221",1,2017,16,4,3,0,4,10,0,2,0,2,2,0,0.149,320,42
"321","2017-05-23_521230",1,2017,20,5,4,1,7,10,0,4,1,3,0,1,-0.891,321,43
"322","2017-05-26_445926",1,2017,14,4,2,1,4,8,0,3,3,0,0,0,2.011,322,44
"323","2017-05-27_500724",1,2017,13,4,4,2,6,4,0,2,1,1,0,2,-0.542,323,45
"324","2017-05-28_456696",1,2017,28,5,5,3,13,12,0,3,1,2,1,1,0.165,324,46
"325","2017-05-29_476451",1,2017,21,4,1,1,9,12,0,2,0,2,1,0,-0.505,325,47
"326","2017-05-30_570257",1,2017,29,5,5,0,12,12,1,4,1,3,1,0,0.193,326,48
"327","2017-05-31_450212",1,2017,22,5,6,0,5,11,0,3,1,2,1,1,-0.28,327,49
"328","2017-06-01_425844",1,2017,21,4,5,3,8,12,1,2,0,2,1,1,-0.46,328,50
"329","2017-06-02_407822",1,2017,14,4,2,0,6,7,0,4,2,2,0,0,1.025,329,51
"330","2017-06-03_517414",1,2017,21,4,4,1,10,12,1,4,2,2,0,0,0.303,330,52
"331","2017-06-04_407822",1,2017,25,5,6,1,8,15,1,4,1,3,0,0,-0.176,331,53
"332","2017-06-05_543557",1,2017,15,4,4,0,5,6,0,4,0,4,0,0,-0.846,332,54
"333","2017-06-06_453562",1,2017,22,4,4,2,7,11,0,1,0,1,2,1,0.076,333,55
"334","2017-06-07_407793",1,2017,14,4,2,0,4,8,0,3,0,3,1,0,-0.701,334,56
"335","2017-06-08_501697",1,2017,22,5,5,0,9,10,1,5,3,2,0,0,2.057,335,57
"336","2017-06-09_453281",1,2017,17,5,3,2,8,9,1,4,1,3,0,1,-0.295,336,58
"337","2017-06-10_543339",1,2017,22,5,4,5,10,10,0,2,1,1,0,3,-0.481,337,59
"338","2017-06-11_467100",1,2017,16,4,2,1,8,7,0,4,1,2,0,0,0.224,338,60
"339","2017-06-13_594943",1,2017,22,5,3,2,12,9,0,3,1,2,0,2,-0.834,339,61
"340","2017-06-14_521230",1,2017,26,5,4,1,11,13,1,3,2,1,0,1,1.949,340,62
"341","2017-06-16_435400",1,2017,15,5,2,3,9,7,0,5,3,2,0,0,2.783,341,63
"342","2017-06-17_448802",1,2017,18,5,4,4,9,9,1,2,1,1,0,3,0.679,342,64
"343","2017-06-18_542432",1,2017,12,4,2,0,3,7,0,3,2,1,1,0,1.153,343,65
"344","2017-06-19_543699",1,2017,30,5,4,1,10,15,0,1,0,1,3,0,1.056,344,66
"345","2017-06-20_461829",1,2017,13,4,1,2,9,5,0,3,1,2,0,1,-0.647,345,67
"346","2017-06-21_453286",1,2017,16,3,2,2,7,7,0,1,0,1,1,1,-0.37,346,68
"347","2017-06-22_453562",1,2017,21,4,4,0,9,10,0,4,0,4,0,0,-0.91,347,69
"348","2017-06-23_407793",1,2017,17,4,3,0,7,7,0,3,0,3,1,0,-0.372,348,70
"349","2017-06-24_451584",1,2017,15,4,3,5,8,10,1,1,1,0,0,3,-0.00499999999999998,349,71
"350","2017-06-27_460283",1,2017,17,4,3,2,8,8,0,3,3,0,0,1,1.995,350,72
"351","2017-06-28_571927",1,2017,17,4,4,2,6,9,2,3,0,3,0,1,-1.121,351,73
"352","2017-06-29_572831",1,2017,19,4,4,0,6,9,0,4,2,2,0,0,-0.224,352,74
"353","2017-06-30_490063",1,2017,18,4,2,0,5,13,1,3,1,2,1,0,-0.131,353,75
"354","2017-07-01_605200",1,2017,18,4,6,5,6,9,2,0,0,0,1,3,-0.72,354,76
"355","2017-07-02_448614",1,2017,26,6,4,0,9,13,0,5,4,1,1,0,2.198,355,77
"356","2017-07-03_425794",1,2017,20,5,5,1,6,10,0,3,0,3,1,1,-0.736,356,78
"357","2017-07-04_458681",1,2017,17,4,3,0,5,10,0,4,1,3,0,0,1.191,357,79
"358","2017-07-05_446399",1,2017,17,5,4,1,7,6,1,4,0,4,0,1,-1.254,358,80
"359","2017-07-06_493200",1,2017,17,5,2,4,8,5,0,3,2,1,0,2,-0.98,359,81
"360","2017-07-07_519043",1,2017,8,4,1,0,5,1,0,4,2,2,0,0,0.659,360,82
"361","2017-07-08_502188",1,2017,23,4,3,2,12,12,1,3,2,1,0,1,0.401,361,83
"362","2017-07-09_456501",1,2017,33,7,7,3,15,17,1,4,2,2,1,2,1.354,362,84
"363","2017-07-14_435221",1,2017,18,4,4,4,8,10,0,2,1,1,0,2,-0.979,363,85
"364","2017-07-15_592779",1,2017,12,4,2,1,5,7,0,3,3,0,0,1,0.399,364,86
"365","2017-07-16_445276",1,2017,20,4,4,1,9,7,0,4,2,2,0,0,0.925,365,87
"366","2017-07-17_472610",1,2017,19,5,3,2,7,10,0,2,0,2,1,2,-1.035,366,88
"367","2017-07-18_592826",1,2017,15,4,3,0,7,7,0,3,0,3,0,1,-0.694,367,89
"368","2017-07-19_472610",1,2017,22,4,6,1,8,10,0,2,1,1,1,1,0.777,368,90
"369","2017-07-21_456701",1,2017,14,4,1,0,5,11,0,3,1,2,1,0,0.434,369,91
"370","2017-07-22_592879",1,2017,18,4,2,2,8,11,0,3,1,2,1,0,-0.067,370,92
"371","2017-07-23_607219",1,2017,12,4,1,2,8,6,0,3,0,3,0,1,-1.014,371,93
"372","2017-07-24_502026",1,2017,10,4,2,1,5,5,0,4,1,3,0,0,-0.548,372,94
"373","2017-07-25_430935",1,2017,12,4,1,2,6,5,0,3,3,0,0,1,2.753,373,95
"374","2017-07-26_276351",1,2017,17,6,1,1,6,10,0,5,4,1,1,0,3.243,374,96
"375","2017-07-27_502028",1,2017,23,5,4,4,10,13,0,3,1,2,1,1,-0.147,375,97
"376","2017-07-28_547179",1,2017,16,5,3,3,7,8,0,2,0,2,1,2,-0.96,376,98
"377","2017-07-29_534947",1,2017,19,4,3,5,10,8,1,2,1,1,0,2,1.924,377,99
"378","2017-07-30_622491",1,2017,16,4,4,3,8,7,0,3,0,3,0,1,-1.167,378,100
"379","2017-07-31_448281",1,2017,21,4,2,3,11,10,0,3,1,2,1,0,0.158,379,101
"380","2017-08-01_424144",1,2017,12,4,4,2,5,4,0,3,0,3,0,1,-1.059,380,102
"381","2017-08-02_445213",1,2017,27,5,3,2,10,17,0,3,2,1,2,0,2.886,381,103
"382","2017-08-04_285079",1,2017,20,4,3,2,15,5,1,3,0,3,0,1,-0.749,382,104
"383","2017-08-05_435400",1,2017,19,4,6,1,5,11,1,1,1,0,0,3,-0.511,383,105
"384","2017-08-06_435400",1,2017,16,4,1,0,6,11,1,2,0,2,2,0,0.151,384,106
"385","2017-08-07_445213",1,2017,18,4,1,2,7,12,0,1,1,0,2,1,0.801,385,107
"386","2017-08-08_424144",1,2017,24,5,4,1,8,13,0,3,0,3,1,1,-0.886,386,108
"387","2017-08-10_445213",1,2017,27,4,5,2,8,14,1,0,0,0,3,1,0.523,387,109
"388","2017-08-11_459429",1,2017,13,4,4,1,5,5,0,3,2,1,0,1,0.452,388,110
"389","2017-08-12_543734",1,2017,12,4,3,0,5,6,0,3,2,1,1,0,1.027,389,111
"390","2017-08-13_608566",1,2017,14,4,3,1,7,6,0,3,0,3,0,1,-0.911,390,112
"391","2017-08-14_605195",1,2017,14,5,3,0,6,6,0,5,2,3,0,0,-0.231,391,113
"392","2017-08-15_518516",1,2017,16,4,3,3,8,5,0,2,2,0,0,2,1.69,392,114
"393","2017-08-16_430912",1,2017,25,5,4,2,9,19,3,2,0,2,0,3,-1.791,393,115
"394","2017-08-18_623149",1,2017,16,4,2,3,10,8,0,3,1,2,0,1,0.233,394,116
"395","2017-08-19_570663",1,2017,16,4,3,2,7,8,0,2,0,2,0,2,-1.265,395,117
"396","2017-08-20_519294",1,2017,25,5,4,2,12,14,0,5,3,1,0,0,1.676,396,118
"397","2017-08-22_591693",1,2017,35,9,7,4,16,18,0,8,4,4,0,2,2.586,397,119
"398","2017-08-23_593576",1,2017,17,4,1,0,8,6,0,3,0,3,1,0,0.00700000000000002,398,120
"399","2017-08-24_472610",1,2017,17,5,3,0,5,10,0,4,3,1,1,0,1.488,399,121
"400","2017-08-25_475243",1,2017,20,4,4,1,7,9,0,2,0,2,1,1,-0.918,400,122
"401","2017-08-26_489334",1,2017,21,5,4,2,6,13,0,3,1,2,1,1,-0.788,401,123
"402","2017-08-27_453385",1,2017,11,4,1,2,7,6,0,3,1,2,0,1,-0.0459999999999999,402,124
"403","2017-08-28_453286",1,2017,18,4,4,3,7,8,0,2,2,0,1,1,1.414,403,125
"404","2017-08-29_424144",1,2017,17,5,3,1,8,9,1,4,1,3,1,0,-0.863,404,126
"405","2017-08-30_544931",1,2017,19,4,4,2,9,10,0,3,1,2,0,1,-0.025,405,127
"406","2017-08-31_593576",1,2017,13,5,2,3,8,6,0,4,2,2,0,1,-0.28,406,128
"407","2017-09-01_593576",1,2017,15,4,3,1,5,11,1,3,0,3,1,0,-0.363,407,129
"408","2017-09-02_605400",1,2017,25,5,5,3,12,11,1,3,3,0,0,2,0.972,408,130
"409","2017-09-03_593576",1,2017,23,5,4,3,14,8,0,3,2,1,0,2,0.571,409,131
"410","2017-09-04_425492",1,2017,22,4,3,2,11,13,0,2,0,2,1,1,-0.658,410,132
"411","2017-09-05_458006",1,2017,14,4,3,3,5,9,1,2,1,1,0,2,-0.404,411,133
"412","2017-09-06_430599",1,2017,22,4,5,1,6,10,0,3,1,2,1,0,0.386,412,134
"413","2017-09-07_518693",1,2017,27,5,3,0,12,15,1,2,1,1,2,1,0.741,413,135
"414","2017-09-08_592314",1,2017,15,4,5,0,5,9,1,3,2,1,0,1,0.396,414,136
"415","2017-09-09_527055",1,2017,21,5,3,0,7,10,0,4,2,2,1,0,1.207,415,137
"416","2017-09-10_285079",1,2017,15,6,4,0,8,3,0,6,3,3,0,0,0.836,416,138
"417","2017-09-12_591693",1,2017,29,7,5,2,14,14,1,6,0,6,0,1,-1.69,417,139
"418","2017-09-13_605388",1,2017,16,4,1,2,8,8,0,3,1,2,0,1,0.334,418,140
"419","2017-09-15_461872",1,2017,19,4,2,3,8,10,0,1,0,1,1,2,-0.266,419,141
"420","2017-09-16_448614",1,2017,19,4,5,1,6,13,3,2,1,1,1,1,0.857,420,142
"421","2017-09-17_605540",1,2017,14,4,2,2,7,5,0,2,0,2,0,2,-1.019,421,143
"422","2017-09-18_543548",1,2017,4,1,0,1,3,2,0,1,0,1,0,0,-0.69,422,144
"423","2017-09-19_460283",1,2017,25,5,6,1,8,12,0,4,1,3,0,1,-0.669,423,145
"424","2017-09-20_543548",1,2017,19,5,4,1,6,11,0,4,0,4,1,0,-0.857,424,146
"425","2017-09-22_425844",1,2017,19,5,6,2,9,9,1,5,3,2,0,0,0.575,425,147
"426","2017-09-23_456696",1,2017,25,6,4,3,9,14,2,3,2,1,2,1,0.26,426,148
"427","2017-09-24_571578",1,2017,16,4,4,3,8,7,1,2,0,2,0,2,-1.041,427,149
"428","2017-09-25_543022",1,2017,33,5,5,5,15,16,0,2,1,1,1,2,-0.152,428,150
"429","2017-09-26_445197",1,2017,15,4,2,2,9,9,1,2,0,2,0,2,-1.062,429,151
"430","2017-09-27_450212",1,2017,21,5,5,1,7,9,0,3,1,2,0,2,-0.487,430,152
"431","2017-09-28_527054",1,2017,14,5,0,1,8,7,0,3,0,3,1,1,-0.391,431,153
"432","2017-09-30_462382",1,2017,26,5,4,1,9,16,1,2,1,1,2,1,0.865,432,154
"433","2017-10-01_462382",1,2017,21,5,4,1,6,12,0,3,2,1,1,0,1.145,433,155
"434","2018-03-29_453385",1,2018,22,6,2,2,12,11,0,3,1,2,1,1,0.24,434,1
"435","2018-03-30_489334",1,2018,12,5,4,2,7,2,0,4,1,3,0,1,-0.304,435,2
"436","2018-03-31_572362",1,2018,13,5,5,1,6,2,0,5,5,0,0,0,2.507,436,3
"437","2018-04-02_544928",1,2018,16,4,4,1,6,7,0,2,0,2,0,2,-0.663,437,4
"438","2018-04-03_544928",1,2018,24,5,6,2,8,12,1,4,3,1,0,1,2.077,438,5
"439","2018-04-04_593372",1,2018,10,3,2,2,5,4,0,2,0,2,0,1,-0.843,439,6
"440","2018-04-18_593974",1,2018,20,4,3,1,4,11,0,1,1,0,2,1,0.0250000000000001,440,7
"441","2018-04-19_547749",1,2018,22,5,1,2,12,7,0,4,1,2,0,0,0.325,441,8
"442","2018-04-20_607457",1,2018,19,5,3,1,3,13,0,2,1,1,2,0,2.172,442,9
"443","2018-04-21_570632",1,2018,19,4,4,4,9,11,0,3,0,3,0,1,-1.212,443,10
"444","2018-04-22_592761",1,2018,17,4,6,2,5,9,1,1,1,0,0,3,0.89,444,11
"445","2018-04-24_430641",1,2018,17,5,3,0,7,8,0,5,1,4,0,0,-1.285,445,12
"446","2018-04-25_434628",1,2018,21,5,3,1,8,9,1,2,1,1,2,1,0.425,446,13
"447","2018-04-26_453344",1,2018,22,4,6,2,6,13,2,3,0,3,0,1,-0.878,447,14
"448","2018-04-27_488846",1,2018,18,4,3,3,11,7,0,2,0,2,0,2,-1.527,448,15
"449","2018-04-28_488846",1,2018,22,4,4,2,8,11,0,2,0,2,0,2,-0.944,449,16
"450","2018-04-29_453344",1,2018,11,4,5,0,4,3,1,4,1,3,0,0,-0.649,450,17
"451","2018-04-30_593974",1,2018,14,5,3,2,7,7,1,4,2,2,0,1,-0.593,451,18
"452","2018-05-01_456701",1,2018,18,4,4,1,8,8,0,3,1,2,1,0,-0.00500000000000003,452,19
"453","2018-05-02_593974",1,2018,23,5,4,2,9,11,0,5,2,3,0,0,0.637,453,20
"454","2018-05-04_553878",1,2018,20,5,5,2,7,13,3,2,1,1,1,2,0.488,454,21
"455","2018-05-05_592791",1,2018,13,4,3,0,5,5,1,4,2,2,0,0,0.634,455,22
"456","2018-05-06_641771",1,2018,15,3,4,1,5,6,0,2,0,2,0,1,-0.555,456,23
"457","2018-05-08_446372",1,2018,14,4,2,0,6,5,0,4,3,1,0,0,0.997,457,24
"458","2018-05-09_471911",1,2018,19,4,5,2,8,9,0,2,1,1,0,2,-0.466,458,25
"459","2018-05-10_445197",1,2018,22,5,4,3,7,16,3,2,1,1,1,2,-0.609,459,26
"460","2018-05-11_459429",1,2018,21,6,7,2,8,9,0,4,1,3,1,1,-0.196,460,27
"461","2018-05-12_445197",1,2018,14,4,2,2,7,8,0,3,0,3,0,1,-1.486,461,28
"462","2018-05-13_572044",1,2018,21,5,3,4,10,9,1,2,2,0,0,3,1.044,462,29
"463","2018-05-14_477569",1,2018,5,2,1,0,3,1,0,2,2,0,0,0,1.14,463,30
"464","2018-05-15_425844",1,2018,20,4,5,4,8,12,1,2,1,1,0,2,0.198,464,31
"465","2018-05-16_519008",1,2018,20,5,3,2,9,13,2,4,1,3,0,1,1.096,465,32
"466","2018-05-18_502043",1,2018,23,5,2,1,11,11,0,4,2,2,1,0,1.042,466,33
"467","2018-05-19_592665",1,2018,15,4,3,1,7,6,0,4,1,3,0,0,-0.0970000000000001,467,34
"468","2018-05-20_519151",1,2018,16,4,2,4,10,9,0,2,0,2,0,2,-1.009,468,35
"469","2018-05-21_425844",1,2018,12,4,2,0,5,7,0,3,1,2,0,1,-0.243,469,36
"470","2018-05-22_519008",1,2018,11,4,3,1,4,5,0,3,0,3,0,1,-1.139,470,37
"471","2018-05-23_502202",1,2018,18,5,2,1,5,13,1,3,1,2,2,0,0.281,471,38
"472","2018-05-24_571927",1,2018,10,4,3,1,5,4,0,2,1,1,0,1,0.432,472,39
"473","2018-05-25_460283",1,2018,21,5,2,1,10,9,0,4,2,2,0,1,0.448,473,40
"474","2018-05-26_450306",1,2018,21,6,2,1,9,10,0,5,3,2,1,0,3.423,474,41
"475","2018-05-27_554430",1,2018,18,5,2,1,11,4,0,4,3,1,0,1,1.101,475,42
"476","2018-05-28_446399",1,2018,15,4,3,1,6,7,0,3,2,1,0,1,0.711,476,43
"477","2018-05-29_608379",1,2018,18,4,4,1,6,8,1,2,0,1,1,1,0.284,477,44
"478","2018-05-30_544928",1,2018,24,5,4,1,11,13,2,5,2,3,0,0,-0.248,478,45
"479","2018-06-01_501593",1,2018,21,5,3,0,5,12,0,2,0,2,3,0,0.356,479,46
"480","2018-06-02_448306",1,2018,16,4,5,1,4,7,0,2,1,1,1,1,0.081,480,47
"481","2018-06-03_592229",1,2018,9,4,2,0,5,2,0,4,0,3,0,0,0.978,481,48
"482","2018-06-05_446372",1,2018,14,4,2,1,6,6,0,4,1,3,0,0,-0.622,482,49
"483","2018-06-06_471911",1,2018,12,4,1,5,9,8,1,2,2,0,0,2,0.287,483,50
"484","2018-06-08_592826",1,2018,14,5,3,4,9,7,0,3,2,1,0,2,0.298,484,51
"485","2018-06-09_453562",1,2018,24,5,4,2,11,12,1,4,3,1,0,1,0.032,485,52
"486","2018-06-10_488984",1,2018,22,5,4,1,8,13,1,3,1,2,1,1,0.312,486,53
"487","2018-06-11_467008",1,2018,16,5,3,2,9,8,2,4,1,3,0,1,-1.336,487,54
"488","2018-06-12_543022",1,2018,21,4,1,2,11,13,0,2,1,1,1,1,0.511,488,55
"489","2018-06-13_488846",1,2018,12,4,3,2,6,6,0,3,0,3,0,1,-1.509,489,56
"490","2018-06-15_453562",1,2018,17,5,1,3,7,12,0,3,1,2,1,1,0.389,490,57
"491","2018-06-16_488984",1,2018,19,4,7,4,6,10,0,0,0,0,1,3,-0.518,491,58
"492","2018-06-17_605388",1,2018,26,6,4,2,8,17,2,4,1,3,2,0,0.267,492,59
"493","2018-06-18_553878",1,2018,12,4,5,1,5,5,2,2,1,1,0,2,-0.23,493,60
"494","2018-06-19_592791",1,2018,17,4,1,3,9,8,0,2,1,1,0,2,-0.791,494,61
"495","2018-06-21_593372",1,2018,28,5,4,2,10,16,0,3,1,1,1,1,1.067,495,62
"496","2018-06-22_656427",1,2018,20,4,4,3,7,9,0,1,0,1,1,2,-0.565,496,63
"497","2018-06-23_571945",1,2018,15,4,4,1,5,8,1,2,0,2,0,1,-0.854,497,64
"498","2018-06-24_518813",1,2018,18,4,4,2,8,7,0,2,1,1,0,2,0.163,498,65
"499","2018-06-26_543169",1,2018,16,4,3,0,6,6,0,4,2,2,0,0,1.362,499,66
"500","2018-06-27_518633",1,2018,13,4,3,2,7,6,0,3,1,2,0,1,-0.306,500,67
"501","2018-06-28_543101",1,2018,4,1,0,1,3,1,0,1,0,1,0,0,-0.166,501,68
"502","2018-07-04_435043",1,2018,16,4,2,0,8,6,0,4,1,3,0,0,-0.84,502,69
"503","2018-07-05_595465",1,2018,18,4,2,1,7,8,0,2,1,1,1,1,0.861,503,70
"504","2018-07-06_592145",1,2018,14,4,3,2,7,7,2,2,0,2,0,1,-0.179,504,71
"505","2018-07-07_434671",1,2018,15,4,3,0,8,4,0,3,0,3,0,1,-0.961,505,72
"506","2018-07-08_518693",1,2018,23,5,4,2,10,10,0,3,2,1,1,1,0.7,506,73
"507","2018-07-09_446899",1,2018,18,5,3,2,11,7,0,4,2,2,0,1,-0.322,507,74
"508","2018-07-10_543045",1,2018,18,5,3,2,9,10,0,4,3,1,0,1,3.932,508,75
"509","2018-07-11_573185",1,2018,24,6,1,5,17,14,0,3,1,2,0,3,-1.644,509,76
"510","2018-07-12_553878",1,2018,31,5,3,4,13,17,0,2,1,1,1,2,1.176,510,77
"511","2018-07-13_592468",1,2018,20,4,3,1,7,10,0,2,0,2,0,2,-0.924,511,78
"512","2018-07-14_467100",1,2018,37,8,8,2,14,20,1,6,3,3,1,2,0.22,512,79
"513","2018-07-15_605397",1,2018,18,5,4,2,8,7,0,4,3,1,0,1,0.507,513,80
"514","2018-07-20_445276",1,2018,11,5,1,0,6,4,0,4,3,1,0,1,3.463,514,81
"515","2018-07-21_477132",1,2018,9,4,3,1,5,3,0,3,2,1,0,1,0.99,515,82
"516","2018-07-22_622072",1,2018,14,3,1,2,9,9,0,3,2,1,0,0,0.841,516,83
"517","2018-07-23_461829",1,2018,18,4,2,2,10,6,0,3,1,2,0,1,1.233,517,84
"518","2018-07-24_445213",1,2018,12,5,2,3,7,4,0,4,3,1,0,0,2.477,518,85
"519","2018-07-25_519301",1,2018,15,4,4,0,6,8,1,3,2,1,0,1,0.512,519,86
"520","2018-07-26_453343",1,2018,16,5,2,1,6,8,1,4,3,1,0,1,1.108,520,87
"521","2018-07-27_518516",1,2018,10,4,1,0,3,6,0,3,2,1,1,0,1.098,521,88
"522","2018-07-28_456501",1,2018,23,5,6,1,10,8,0,4,2,2,0,1,1.636,522,89
"523","2018-07-29_473879",1,2018,17,4,4,3,8,11,2,2,2,0,0,2,-0.196,523,90
"524","2018-07-30_520980",1,2018,17,5,2,4,10,12,1,5,1,4,0,0,0.042,524,91
"525","2018-07-31_608638",1,2018,18,4,2,3,10,10,0,3,2,1,0,1,0.203,525,92
"526","2018-08-01_445276",1,2018,14,5,2,3,9,9,1,3,0,3,0,2,-1.753,526,93
"527","2018-08-02_477132",1,2018,18,4,3,2,8,10,1,3,3,0,0,1,1.15,527,94
"528","2018-08-03_493603",1,2018,20,4,4,0,5,10,0,3,1,2,1,0,0.995,528,95
"529","2018-08-04_542881",1,2018,11,4,2,0,6,2,0,4,3,1,0,0,1.099,529,96
"530","2018-08-05_592351",1,2018,18,5,2,4,12,9,1,3,2,1,0,2,0.283,530,97
"531","2018-08-07_453385",1,2018,19,5,4,3,8,11,1,2,0,2,1,2,-1.035,531,98
"532","2018-08-08_461833",1,2018,21,5,0,5,15,11,0,3,1,2,0,2,-0.297,532,99
"533","2018-08-09_572362",1,2018,15,5,2,0,6,9,0,3,0,3,1,0,-0.617,533,100
"534","2018-08-10_592332",1,2018,14,4,3,1,8,6,0,2,0,2,0,2,-1.059,534,101
"535","2018-08-11_527054",1,2018,23,5,6,4,7,12,0,2,0,1,1,2,-0.02,535,102
"536","2018-08-12_458924",1,2018,22,6,2,3,9,9,0,3,1,2,1,2,-0.957,536,103
"537","2018-08-14_407822",1,2018,12,5,3,0,6,3,0,4,1,3,0,1,-0.663,537,104
"538","2018-08-15_467008",1,2018,17,5,5,2,7,8,0,3,1,2,0,2,-1.044,538,105
"539","2018-08-17_502032",1,2018,19,5,4,4,10,5,0,4,2,2,0,1,0.246,539,106
"540","2018-08-18_571945",1,2018,12,4,2,2,8,4,0,3,1,2,0,1,0.316,540,107
"541","2018-08-19_475115",1,2018,24,4,1,1,11,13,0,3,1,2,1,0,-0.098,541,108
"542","2018-08-20_456701",1,2018,14,5,3,0,7,4,0,5,1,4,0,0,-0.0750000000000001,542,109
"543","2018-08-21_547179",1,2018,20,5,4,1,7,9,0,3,1,2,1,1,-0.244,543,110
"544","2018-08-22_593974",1,2018,18,5,1,2,10,10,0,4,4,0,1,0,3.56,544,111
"545","2018-08-24_553878",1,2018,15,7,2,2,10,5,0,5,1,4,0,2,-0.725,545,112
"546","2018-08-25_592791",1,2018,14,4,2,2,6,9,1,3,1,2,0,1,0.503,546,113
"547","2018-08-26_502042",1,2018,23,4,1,5,13,13,0,0,0,0,1,3,-0.593,547,114
"548","2018-08-28_453172",1,2018,16,5,2,1,9,5,0,5,2,3,0,0,2.87,548,115
"549","2018-08-29_456696",1,2018,21,6,0,2,12,12,0,6,6,0,0,0,4.704,549,116
"550","2018-08-30_592169",1,2018,14,5,2,0,7,7,0,4,0,4,1,0,-0.244,550,117
"551","2018-08-31_543699",1,2018,9,4,1,0,5,6,0,4,2,2,0,0,-0.02,551,118
"552","2018-09-01_502522",1,2018,21,5,1,1,13,11,0,4,1,3,1,0,0.738,552,119
"553","2018-09-02_525768",1,2018,27,6,3,2,9,17,0,4,1,3,2,0,3.332,553,120
"554","2018-09-03_430935",1,2018,16,5,0,3,13,11,0,3,1,2,0,2,-0.869,554,121
"555","2018-09-04_445213",1,2018,18,5,4,2,7,7,0,3,1,2,1,1,0.99,555,122
"556","2018-09-05_467008",1,2018,4,1,1,0,1,2,0,1,1,0,0,0,0.658,556,123
"557","2018-09-07_453265",1,2018,13,4,2,1,4,7,0,2,0,2,1,1,-0.695,557,124
"558","2018-09-08_519293",1,2018,15,4,3,2,5,7,0,3,2,1,0,1,1.058,558,125
"559","2018-09-09_453343",1,2018,16,4,2,2,6,8,0,3,1,2,1,0,0.337,559,126
"560","2018-09-10_445926",1,2018,20,5,3,0,8,12,0,3,1,2,1,1,-0.29,560,127
"561","2018-09-11_407822",1,2018,21,4,3,2,8,11,0,2,0,2,1,1,0.195,561,128
"562","2018-09-12_445213",1,2018,16,5,3,0,5,11,2,3,1,2,1,0,0.364,562,129
"563","2018-09-14_502042",1,2018,22,4,4,2,8,10,0,2,1,1,1,1,1.118,563,130
"564","2018-09-15_467100",1,2018,15,4,2,0,8,8,1,4,2,2,0,0,0.795,564,131
"565","2018-09-16_592866",1,2018,12,4,3,0,6,3,0,4,0,4,0,0,-0.643,565,132
"566","2018-09-17_543101",1,2018,10,4,2,1,7,3,0,4,4,0,0,0,4.845,566,133
"567","2018-09-18_547179",1,2018,20,4,3,3,10,8,0,2,1,1,0,2,-0.712,567,134
"568","2018-09-19_518774",1,2018,13,4,2,0,8,4,0,4,2,2,0,0,0.574,568,135
"569","2018-09-21_467100",1,2018,20,5,3,1,7,10,0,4,2,2,1,0,0.821,569,136
"570","2018-09-22_553878",1,2018,26,4,3,0,12,13,0,3,1,1,1,0,0.982,570,137
"571","2018-09-23_592468",1,2018,17,5,4,2,5,10,0,2,2,0,1,1,2.741,571,138
"572","2018-09-24_594577",1,2018,21,5,4,0,5,12,0,4,1,3,1,0,-0.329,572,139
"573","2018-09-25_446399",1,2018,15,6,5,0,7,6,0,6,2,4,0,0,4.304,573,140
"574","2018-09-26_592741",1,2018,30,5,5,1,5,20,0,0,0,0,5,0,1.523,574,141
"575","2018-09-28_519455",1,2018,16,4,3,2,3,12,0,1,1,0,2,1,1.981,575,142
"576","2018-09-29_596057",1,2018,22,4,6,0,7,12,0,2,2,0,1,1,2.905,576,143
"577","2018-09-30_605513",1,2018,20,3,5,2,7,10,1,0,0,0,1,2,-0.072,577,144
"578","2018-10-01_500779",1,2018,19,4,3,1,8,12,1,3,3,0,0,1,0.943,578,145
"579","2019-03-21_547943",1,2019,4,4,0,0,4,0,0,4,2,2,0,0,0,579,1
"580","2019-03-23_641745",1,2019,3,2,0,0,1,0,0,1,1,0,0,0,0,580,2
"581","2019-03-25_543208",1,2019,7,3,1,5,6,0,0,1,0,0,0,2,0,581,3
"582","2019-03-26_457915",1,2019,2,2,0,0,2,0,0,2,1,1,0,0,0,582,4
"583","2019-03-28_571945",1,2019,17,4,3,0,5,10,1,2,1,1,2,0,2.653,583,5
"584","2019-03-29_453192",1,2019,19,4,4,1,5,10,0,3,2,1,1,0,1.254,584,6
"585","2019-03-30_594577",1,2019,17,5,3,1,7,7,0,4,1,3,0,1,-0.277,585,7
"586","2019-03-31_453192",1,2019,17,4,2,0,4,12,0,2,2,0,2,0,2.642,586,8
"587","2019-04-01_435043",1,2019,26,5,3,5,14,22,0,4,1,3,0,1,-1.05,587,9
"588","2019-04-02_543101",1,2019,13,5,3,2,6,5,1,4,2,2,0,1,-0.46,588,10
"589","2019-04-03_607237",1,2019,16,4,3,2,4,11,0,1,0,1,2,1,-0.023,589,11
"590","2019-04-05_445213",1,2019,31,5,5,2,14,15,0,5,2,3,0,0,-0.121,590,12
"591","2019-04-06_430935",1,2019,22,5,1,6,12,12,1,3,0,3,1,1,-1.246,591,13
"592","2019-04-07_543294",1,2019,5,4,0,0,4,1,0,4,2,2,0,0,1.59,592,14
"593","2019-04-08_502239",1,2019,17,4,1,1,10,7,0,3,2,1,0,1,0.114,593,15
"594","2019-04-09_518774",1,2019,19,5,4,5,9,11,0,2,1,1,0,3,-0.821,594,16
"595","2019-04-10_570240",1,2019,20,4,3,2,9,12,0,3,2,1,0,1,0.951,595,17
"596","2019-04-12_445276",1,2019,18,5,2,2,8,9,0,4,2,2,0,0,0.586,596,18
"597","2019-04-13_518397",1,2019,17,5,4,1,9,8,1,4,0,4,0,1,-1.11,597,19
"598","2019-04-14_548389",1,2019,9,3,2,1,5,3,0,3,0,3,0,0,-0.54,598,20
"599","2019-04-15_594577",1,2019,12,4,1,0,7,5,0,4,3,1,0,0,5.685,599,21
"600","2019-04-16_606149",1,2019,23,5,4,4,12,12,0,3,2,1,0,2,1.732,600,22
"601","2019-04-17_453192",1,2019,19,4,4,2,6,13,1,2,1,1,1,1,0.636,601,23
"602","2019-04-18_445276",1,2019,10,4,0,0,7,3,0,4,1,3,0,0,0.4,602,24
"603","2019-04-19_520980",1,2019,16,4,2,2,5,13,1,2,1,1,1,1,1.201,603,25
"604","2019-04-20_547943",1,2019,12,3,2,2,7,4,0,3,2,1,0,0,1.822,604,26
"605","2019-04-21_477132",1,2019,17,4,0,1,6,11,0,2,0,2,2,0,0.119,605,27
"606","2019-04-22_608678",1,2019,17,4,1,3,10,9,0,3,0,3,0,1,-0.647,606,28
"607","2019-04-23_453192",1,2019,17,3,3,2,7,10,1,0,0,0,1,2,-0.092,607,29
"608","2019-04-24_663855",1,2019,5,1,1,1,2,3,0,0,0,0,0,1,-0.767,608,30
"609","2019-04-26_501593",1,2019,19,5,3,1,6,10,0,3,2,1,1,1,0.757,609,31
"610","2019-04-27_544727",1,2019,15,4,1,1,9,4,0,4,3,1,0,0,1.804,610,32
"611","2019-04-28_571927",1,2019,13,2,2,2,5,6,0,2,1,1,0,0,0.231,611,33
"612","2019-05-04_607625",1,2019,1,1,0,0,1,0,0,1,0,1,0,0,-0.248,612,34
"613","2019-05-05_450306",1,2019,16,4,2,1,9,6,0,3,1,2,0,1,0.512,613,35
"614","2019-05-06_448609",1,2019,26,5,3,3,12,14,0,2,1,1,1,2,-0.13,614,36
"615","2019-05-07_543359",1,2019,19,4,3,5,7,14,2,1,1,0,0,2,0.244,615,37
"616","2019-05-08_476451",1,2019,19,5,1,2,9,9,0,4,3,1,1,0,1.699,616,38
"617","2019-05-10_500779",1,2019,14,4,3,2,6,7,0,2,1,1,0,2,-0.277,617,39
"618","2019-05-11_430935",1,2019,23,6,4,1,7,13,0,3,0,3,2,1,-0.419,618,40
"619","2019-05-12_452657",1,2019,12,4,2,1,7,5,1,4,1,2,0,0,0.058,619,41
"620","2019-05-13_501625",1,2019,9,3,1,0,5,4,0,3,1,2,0,0,-0.0330000000000001,620,42
"621","2019-05-14_595191",1,2019,17,5,4,0,5,8,0,3,0,3,1,1,-1.56,621,43
"622","2019-05-15_453562",1,2019,20,5,5,2,6,12,0,2,2,0,0,2,1.388,622,44
"623","2019-05-16_605388",1,2019,16,6,2,4,9,6,0,4,3,1,0,1,1.834,623,45
"624","2019-05-17_608331",1,2019,9,3,2,2,5,4,0,3,0,3,0,0,-0.992,624,46
"625","2019-05-18_592332",1,2019,17,4,1,3,10,10,1,3,0,3,0,1,-1.149,625,47
"626","2019-05-19_592314",1,2019,11,4,1,2,7,5,0,3,1,2,0,1,0.46,626,48
"627","2019-05-24_592826",1,2019,20,4,1,1,8,13,0,3,1,2,1,0,1.12,627,49
"628","2019-05-25_453562",1,2019,10,4,2,0,6,3,0,4,1,3,0,0,-0.474,628,50
"629","2019-05-26_592826",1,2019,21,5,1,2,14,13,0,4,2,2,0,1,0.664,629,51
"630","2019-05-27_501381",1,2019,17,4,4,0,7,0,0,3,0,3,1,0,-0.265,630,52
"631","2019-05-28_453284",1,2019,16,4,3,6,9,12,0,2,0,2,0,2,-0.858,631,53
"632","2019-05-30_605397",1,2019,21,5,1,2,10,10,0,3,1,2,1,1,0.391,632,54
"633","2019-05-31_434538",1,2019,16,4,3,2,7,9,0,4,0,4,0,0,-0.853,633,55
"634","2019-06-01_434538",1,2019,30,7,6,3,9,17,0,4,2,2,1,1,3.404,634,56
"635","2019-06-02_434538",1,2019,9,4,0,1,6,4,0,4,2,2,0,0,0.481,635,57
"636","2019-06-04_641154",1,2019,10,3,1,0,4,6,0,2,2,0,1,0,0.668,636,58
"637","2019-06-05_623433",1,2019,20,4,3,1,7,11,0,3,1,2,1,0,-0.523,637,59
"638","2019-06-06_592761",1,2019,8,4,1,2,7,2,0,3,3,0,0,1,2.158,638,60
"639","2019-06-07_592468",1,2019,18,5,2,2,11,10,1,4,3,1,0,1,0.412,639,61
"640","2019-06-08_434538",1,2019,26,5,3,3,12,15,1,2,1,1,2,1,0.035,640,62
"641","2019-06-09_593144",1,2019,7,4,3,0,3,1,0,3,2,1,0,1,0.473,641,63
"642","2019-06-11_501789",1,2019,18,5,3,5,8,12,1,3,3,0,0,2,1.822,642,64
"643","2019-06-12_434378",1,2019,24,6,4,5,11,14,0,4,2,2,0,2,0.168,643,65
"644","2019-06-14_473879",1,2019,19,5,3,1,7,11,0,3,1,2,1,1,0.467,644,66
"645","2019-06-15_518516",1,2019,18,5,3,0,7,10,1,4,1,3,1,0,0.417,645,67
"646","2019-06-16_502188",1,2019,18,5,4,3,8,10,0,3,2,1,0,2,1.219,646,68
"647","2019-06-17_489334",1,2019,13,4,2,1,7,7,1,3,1,2,0,1,-0.442,647,69
"648","2019-06-18_489446",1,2019,13,4,2,1,5,9,1,4,1,3,0,0,-0.906,648,70
"649","2019-06-19_489334",1,2019,15,5,3,1,8,6,0,5,3,2,0,0,1.103,649,71
"650","2019-06-20_453172",1,2019,23,4,3,2,11,14,0,4,2,2,0,0,0.582,650,72
"651","2019-06-21_543243",1,2019,16,5,4,4,8,7,0,3,2,1,0,2,1.903,651,73
"652","2019-06-22_607237",1,2019,21,4,5,5,6,11,1,1,0,1,1,2,-0.68,652,74
"653","2019-06-23_435043",1,2019,13,5,2,1,9,2,0,4,1,3,0,1,0.419,653,75
"654","2019-06-25_594835",1,2019,23,5,4,1,11,11,0,3,0,3,0,2,-1.215,654,76
"655","2019-06-26_453281",1,2019,20,4,2,3,8,15,0,2,0,2,1,1,-0.7,655,77
"656","2019-06-27_502190",1,2019,10,4,2,0,5,5,2,4,2,2,0,0,0.18,656,78
"657","2019-06-28_434538",1,2019,12,4,1,3,8,5,0,2,0,2,0,2,-0.925,657,79
"658","2019-06-29_543475",1,2019,16,4,1,2,6,12,0,1,0,1,2,1,0.088,658,80
"659","2019-06-30_434538",1,2019,20,4,2,4,10,10,0,2,1,1,1,1,-0.445,659,81
"660","2019-07-01_456696",1,2019,20,5,2,4,10,12,0,3,2,1,1,1,2.764,660,82
"661","2019-07-02_543699",1,2019,22,5,4,2,9,15,0,3,1,2,0,2,0.327,661,83
"662","2019-07-04_622491",1,2019,12,4,0,0,6,6,0,3,1,2,0,0,0.545,662,84
"663","2019-07-05_434538",1,2019,19,4,2,5,9,10,0,1,0,1,1,2,-0.9,663,85
"664","2019-07-06_593140",1,2019,18,4,5,1,4,10,0,2,2,0,1,0,0.99,664,86
"665","2019-07-12_453265",1,2019,20,5,4,6,10,9,0,2,2,0,0,3,0.764,665,87
"666","2019-07-13_453265",1,2019,22,5,1,4,14,12,0,4,1,2,0,1,-0.187,666,88
"667","2019-07-14_502706",1,2019,17,4,3,3,8,7,1,4,2,2,0,0,1.103,667,89
"668","2019-07-15_608331",1,2019,15,4,2,2,7,7,0,3,2,1,0,1,-0.101,668,90
"669","2019-07-16_460283",1,2019,20,5,2,1,8,12,1,3,1,2,2,0,3.518,669,91
"670","2019-07-17_458708",1,2019,11,4,1,4,7,7,0,2,1,1,0,2,0.183,670,92
"671","2019-07-18_518876",1,2019,22,4,2,3,12,11,0,3,1,2,0,1,-0.205,671,93
"672","2019-07-19_518813",1,2019,27,5,3,0,13,14,1,3,2,1,2,0,2.225,672,94
"673","2019-07-20_425844",1,2019,15,5,1,2,9,8,0,5,3,2,0,0,2.003,673,95
"674","2019-07-22_543243",1,2019,23,5,3,1,7,15,0,2,1,1,2,1,0.617,674,96
"675","2019-07-23_543699",1,2019,21,5,2,2,9,12,0,3,1,2,0,2,-0.276,675,97
"676","2019-07-24_593974",1,2019,21,4,3,2,7,10,0,2,1,1,1,1,0.868,676,98
"677","2019-07-26_445213",1,2019,21,4,2,4,12,11,1,2,1,1,0,2,-0.029,677,99
"678","2019-07-27_452657",1,2019,19,5,4,1,6,7,0,5,3,2,0,0,0.471,678,100
"679","2019-07-28_500779",1,2019,12,4,1,2,8,5,0,4,1,3,0,0,0.528,679,101
"680","2019-07-30_488748",1,2019,14,5,3,3,8,6,0,2,1,1,0,3,-1.167,680,102
"681","2019-07-31_465657",1,2019,22,5,2,4,11,11,0,4,1,3,0,1,-0.211,681,103
"682","2019-08-01_456701",1,2019,21,5,2,0,11,9,0,4,1,2,0,1,0.534,682,104
"683","2019-08-02_445213",1,2019,13,4,3,2,6,8,0,2,0,2,0,2,-0.924,683,105
"684","2019-08-03_430935",1,2019,17,4,1,4,10,11,0,1,1,0,1,2,0.494,684,106
"685","2019-08-04_502706",1,2019,18,4,2,2,7,11,1,3,2,1,0,1,1.114,685,107
"686","2019-08-05_593140",1,2019,22,5,3,4,11,10,0,4,4,0,0,1,2.513,686,108
"687","2019-08-11_501985",1,2019,6,1,1,2,3,3,0,0,0,0,0,1,-0.449,687,109
"688","2019-08-13_473879",1,2019,11,5,4,0,5,3,0,5,1,4,0,0,-0.112,688,110
"689","2019-08-14_473879",1,2019,17,5,3,4,10,9,0,3,0,3,0,2,-1.476,689,111
"690","2019-08-16_448281",1,2019,18,5,2,7,13,9,1,2,0,2,0,3,-1.904,690,112
"691","2019-08-17_434671",1,2019,24,7,3,2,10,16,0,5,5,0,1,1,3.824,691,113
"692","2019-08-18_607200",1,2019,12,3,1,1,5,8,0,3,2,1,0,0,0.359,692,114
"693","2019-08-19_641712",1,2019,17,3,4,1,3,14,2,1,0,1,2,0,0.156,693,115
"694","2019-08-20_453192",1,2019,28,5,2,4,16,15,0,2,1,1,0,3,-0.456,694,116
"695","2019-08-21_425794",1,2019,24,5,4,0,7,15,0,4,1,3,1,0,-1.047,695,117
"696","2019-08-23_518876",1,2019,22,5,5,3,9,12,0,2,0,2,1,2,-1.93,696,118
"697","2019-08-24_605177",1,2019,18,5,2,2,7,10,1,3,1,2,0,1,-0.785,697,119
"698","2019-08-25_592662",1,2019,28,5,3,2,14,11,0,5,2,3,0,0,0.054,698,120
"699","2019-08-26_425794",1,2019,19,4,1,1,6,16,0,2,2,0,2,0,1.379,699,121
"700","2019-08-27_453192",1,2019,17,4,5,1,4,10,1,2,0,2,1,1,-0.351,700,122
"701","2019-08-28_643778",1,2019,17,4,1,2,4,12,0,2,1,0,1,1,0.975,701,123
"702","2019-08-30_467008",1,2019,17,4,2,1,7,9,0,4,2,2,0,0,0.468,702,124
"703","2019-08-31_430935",1,2019,18,5,4,2,7,8,0,2,0,2,1,2,-1.454,703,125
"704","2019-09-01_475479",1,2019,24,5,3,2,8,17,1,3,1,2,1,1,1.919,704,126
"705","2019-09-02_532077",1,2019,23,5,3,7,14,13,1,2,1,1,0,3,-0.365,705,127
"706","2019-09-03_425844",1,2019,19,4,1,3,9,12,1,3,1,2,1,0,-0.336,706,128
"707","2019-09-05_500779",1,2019,27,5,3,5,14,18,1,4,0,4,0,1,-1.621,707,129
"708","2019-09-06_430935",1,2019,25,5,4,2,10,12,0,3,3,0,1,1,3.042,708,130
"709","2019-09-07_445213",1,2019,27,5,3,1,7,18,0,2,2,0,3,0,2.085,709,131
"710","2019-09-08_452657",1,2019,24,4,4,2,9,11,1,1,1,0,1,1,1.481,710,132
"711","2019-09-09_572383",1,2019,27,5,3,0,9,16,0,3,1,2,2,0,0.804,711,133
"712","2019-09-10_622694",1,2019,4,1,2,0,1,1,0,0,0,0,0,1,-0.134,712,134
"713","2020-07-24_543294",1,2020,22,4,1,5,11,15,0,2,0,2,0,2,-1.052,713,1
"714","2020-07-25_506433",1,2020,16,5,3,0,8,6,0,5,1,4,0,0,0.556,714,2
"715","2020-07-26_543022",1,2020,17,4,5,3,6,9,1,1,0,1,0,3,-0.838,715,3
"716","2020-07-27_543867",1,2020,22,6,5,2,7,10,0,3,0,3,1,2,-2.514,716,4
"717","2020-07-28_502706",1,2020,17,4,2,2,8,9,0,2,0,2,0,2,-1.343,717,5
"718","2020-07-29_572362",1,2020,19,5,4,3,8,13,3,2,0,2,0,3,-1.75,718,6
"719","2020-08-03_446321",1,2020,24,5,6,3,8,13,1,3,2,1,1,1,-0.697,719,7
"720","2020-08-04_608337",1,2020,22,4,3,6,7,14,0,0,0,0,1,3,-0.691,720,8
"721","2020-08-06_461829",1,2020,29,6,3,2,6,21,0,1,1,0,4,1,1.887,721,9
"722","2020-08-07_545333",1,2020,18,4,5,3,5,10,1,2,1,1,0,2,1.161,722,10
"723","2020-08-08_543101",1,2020,15,4,3,3,6,9,0,3,0,3,0,1,-0.967,723,11
"724","2020-08-09_543243",1,2020,19,5,3,1,5,12,1,3,2,1,2,0,3.118,724,12
"725","2020-08-10_489265",1,2020,18,4,4,1,6,9,0,3,1,2,0,1,-0.962,725,13
"726","2020-08-11_461325",1,2020,19,4,6,0,5,9,2,4,1,3,0,0,-0.242,726,14
"727","2020-08-12_628317",1,2020,5,2,0,1,3,3,0,2,1,1,0,0,0.027,727,15
"728","2020-08-13_506433",1,2020,13,4,3,1,7,4,0,3,0,3,0,0,-0.392,728,16
"729","2020-08-14_594986",1,2020,15,4,6,3,4,8,1,1,1,0,0,3,1.635,729,17
"730","2020-08-15_502026",1,2020,21,5,2,1,9,11,0,3,1,2,1,1,-0.069,730,18
"731","2020-08-16_452657",1,2020,19,4,3,1,7,11,0,3,2,1,0,1,-0.105,731,19
"732","2020-08-18_573124",1,2020,24,5,1,2,7,16,0,1,0,1,3,1,0.51,732,20
"733","2020-08-19_448179",1,2020,23,5,7,4,8,10,2,2,2,0,1,2,1.566,733,21
"734","2020-08-20_621244",1,2020,18,4,4,4,7,8,1,2,1,1,0,2,-0.049,734,22
"735","2020-08-21_593144",1,2020,15,4,1,1,10,4,0,4,1,3,0,0,0.388,735,23
"736","2020-08-22_502706",1,2020,24,5,2,3,10,18,2,3,0,3,1,1,-1.475,736,24
"737","2020-08-23_543867",1,2020,20,4,6,2,4,11,1,1,0,1,1,2,-0.487,737,25
"738","2020-08-24_545333",1,2020,9,3,4,1,3,3,0,2,1,1,0,1,0.093,738,26
"739","2020-08-25_607237",1,2020,21,4,3,3,12,6,0,3,1,2,0,1,-0.394,739,27
"740","2020-08-27_489119",1,2020,32,7,7,1,9,18,1,4,0,4,2,1,-0.996,740,28
"741","2020-08-29_543867",1,2020,21,4,2,1,10,9,0,3,2,1,0,1,0.728,741,29
"742","2020-08-30_593144",1,2020,17,5,3,0,4,11,1,4,0,3,1,0,0.329,742,30
"743","2020-08-31_592866",1,2020,24,4,2,4,11,13,0,2,1,1,0,2,-0.274,743,31
"744","2020-09-01_542585",1,2020,20,4,5,2,7,10,1,2,2,0,0,2,0.956,744,32
"745","2020-09-02_571656",1,2020,25,5,4,2,3,18,0,0,0,0,4,1,1.237,745,33
"746","2020-09-04_424144",1,2020,23,5,2,3,8,14,0,2,0,1,1,2,0.122,746,34
"747","2020-09-05_543272",1,2020,15,5,5,3,7,6,0,4,2,2,0,1,0.253,747,35
"748","2020-09-06_608678",1,2020,21,4,4,6,10,14,0,0,0,0,1,3,-0.96,748,36
"749","2020-09-08_605513",1,2020,14,3,2,2,4,8,0,2,2,0,1,0,1.08,749,37
"750","2020-09-09_571510",1,2020,22,6,6,2,8,8,0,4,1,3,1,1,0.191,750,38
"751","2020-09-11_452657",1,2020,19,4,2,5,8,15,0,0,0,0,1,3,-0.444,751,39
"752","2020-09-12_543294",1,2020,22,4,5,6,10,14,0,1,0,1,0,3,-0.923,752,40
"753","2020-09-13_621219",1,2020,8,3,3,0,4,2,0,3,0,3,0,0,-0.671,753,41
"754","2020-09-14_547942",1,2020,37,8,8,8,16,22,3,2,1,1,0,6,-1.737,754,42
"755","2020-09-15_622503",1,2020,20,5,5,0,5,10,0,4,3,1,1,0,2.018,755,43
"756","2020-09-16_425794",1,2020,37,7,7,2,12,20,0,4,1,3,2,1,-0.347,756,44
"757","2020-09-18_518633",1,2020,20,5,6,2,5,10,0,3,2,1,0,2,0.679,757,45
"758","2020-09-19_605130",1,2020,18,4,2,2,6,9,0,1,0,1,1,1,-0.053,758,46
"759","2020-09-20_641745",1,2020,15,4,4,0,2,8,0,1,1,0,2,1,0.637,759,47
"760","2020-09-21_607237",1,2020,24,4,5,1,8,14,2,1,1,0,2,1,0.824,760,48
"761","2020-09-22_543243",1,2020,19,4,6,1,3,12,2,1,0,1,1,2,-0.616,761,49
"762","2020-09-23_545333",1,2020,18,4,6,3,6,8,0,1,0,1,0,3,-1.102,762,50
"763","2020-09-24_453192",1,2020,26,5,4,1,10,12,0,3,0,3,1,1,-0.975,763,51
"764","2020-09-25_594965",1,2020,38,7,9,2,8,23,2,4,1,3,2,1,0.778,764,52
"765","2020-09-26_425794",1,2020,24,5,6,1,6,14,0,2,0,2,2,1,-0.28,765,53
"766","2020-09-27_596295",1,2020,17,4,3,0,4,11,0,2,1,1,2,0,0.875,766,54
"767","2021-04-01_517008",1,2021,18,5,2,2,9,7,0,3,2,1,0,1,1.218,767,1
"768","2021-04-03_517008",1,2021,20,4,5,3,9,10,1,1,0,1,0,3,-0.473,768,2
"769","2021-04-04_501381",1,2021,10,4,3,3,6,4,1,2,1,1,0,2,0.455,769,3
"770","2021-04-05_592866",1,2021,20,4,4,5,8,15,1,0,0,0,1,3,0.094,770,4
"771","2021-04-06_595465",1,2021,20,4,3,2,6,10,0,2,1,1,1,1,0.236,771,5
"772","2021-04-07_519443",1,2021,16,5,5,0,3,8,0,3,3,0,1,1,1.123,772,6
"773","2021-04-08_425794",1,2021,25,4,3,4,10,14,0,2,0,2,1,1,-0.207,773,7
"774","2021-04-10_453192",1,2021,18,5,3,1,5,12,1,3,2,1,2,0,1.026,774,8
"775","2021-04-11_594965",1,2021,9,2,1,0,5,4,0,2,1,1,0,0,0.313,775,9
"776","2021-05-03_592826",1,2021,18,4,1,3,11,13,1,3,2,1,0,1,0.992,776,10
"777","2021-05-18_605130",1,2021,17,4,4,2,8,8,2,1,0,1,0,3,-0.809,777,11
"778","2021-05-19_605130",1,2021,26,5,3,3,8,16,1,1,0,1,3,1,0.023,778,12
"779","2021-05-21_622088",1,2021,19,4,4,1,8,10,1,2,0,2,0,2,-1.055,779,13
"780","2021-05-22_448281",1,2021,6,1,1,1,3,3,0,0,0,0,0,1,-0.241,780,14
"781","2021-05-23_448281",1,2021,21,5,1,1,11,11,1,3,2,1,1,1,1.7,781,15
"782","2021-05-25_605397",1,2021,16,4,3,0,6,8,0,4,0,4,0,0,-0.671,782,16
"783","2021-05-26_613534",1,2021,17,4,2,1,6,12,0,2,0,2,1,1,0.0420000000000001,783,17
"784","2021-05-27_489334",1,2021,10,2,2,1,2,5,0,0,0,0,1,1,0.196,784,18
"785","2021-05-29_571578",1,2021,21,5,4,1,4,12,0,2,2,0,2,1,1.444,785,19
"786","2021-05-30_453286",1,2021,19,4,5,1,9,7,1,3,0,3,0,1,-0.819,786,20
"787","2021-05-31_596057",1,2021,18,4,5,2,4,11,0,1,1,0,1,2,0.123,787,21
"788","2021-06-01_502706",1,2021,28,5,4,2,13,10,0,2,1,1,0,3,-0.909,788,22
"789","2021-06-03_573009",1,2021,15,4,4,0,4,6,0,2,1,1,1,1,2.362,789,23
"790","2021-06-04_656464",1,2021,14,4,2,1,5,7,1,4,1,3,0,0,-0.82,790,24
"791","2021-06-05_465657",1,2021,19,4,3,4,8,12,0,2,1,1,1,1,1.281,791,25
"792","2021-06-06_592761",1,2021,15,4,4,1,4,7,0,2,0,2,1,1,-0.608,792,26
"793","2021-06-08_543243",1,2021,19,4,2,3,9,7,0,2,0,2,0,2,-1.585,793,27
"794","2021-06-09_592390",1,2021,23,5,2,1,8,15,0,3,1,2,2,0,0.385,794,28
"795","2021-06-10_448281",1,2021,20,4,3,0,6,9,0,2,0,2,2,0,0.574,795,29
"796","2021-06-11_502239",1,2021,23,5,4,2,7,13,1,2,1,1,1,2,1.111,796,30
"797","2021-06-12_592741",1,2021,16,4,2,1,6,9,2,3,2,1,1,0,2.271,797,31
"798","2021-06-13_607572",1,2021,5,1,2,0,1,3,1,1,0,1,0,0,-0.178,798,32
"799","2021-06-14_607237",1,2021,21,4,4,2,9,10,0,2,1,1,1,1,0.322,799,33
"800","2021-06-15_608371",1,2021,19,4,4,2,4,12,0,1,0,0,2,1,0.57,800,34
"801","2021-06-16_448281",1,2021,17,4,2,7,10,8,0,1,1,0,0,3,-0.235,801,35
"802","2021-06-17_608566",1,2021,15,4,2,2,8,6,0,3,2,0,1,0,1.435,802,36
"803","2021-06-18_468504",1,2021,16,5,1,2,7,8,0,3,1,2,1,1,-0.188,803,37
"804","2021-06-19_468504",1,2021,21,5,4,1,4,14,1,3,1,2,2,0,0.427,804,38
"805","2021-06-20_453268",1,2021,18,5,4,1,6,8,0,3,1,2,1,1,-0.258,805,39
"806","2021-06-21_518876",1,2021,18,3,2,3,8,11,1,2,0,2,0,1,-0.578,806,40
"807","2021-06-22_573009",1,2021,15,4,5,3,6,8,1,2,2,0,0,2,1.237,807,41
"808","2021-06-25_468504",1,2021,13,4,4,1,5,6,1,2,0,2,0,2,-0.994,808,42
"809","2021-06-26_468504",1,2021,21,5,2,0,12,10,0,5,2,3,0,0,1.664,809,43
"810","2021-06-27_592346",1,2021,25,4,5,2,8,14,1,1,0,1,1,2,-0.1,810,44
"811","2021-06-28_543294",1,2021,16,4,3,1,5,9,0,2,1,1,1,1,1.14,811,45
"812","2021-06-29_605200",1,2021,22,4,2,1,8,15,0,2,1,1,1,1,1.045,812,46
"813","2021-06-30_453562",1,2021,26,6,5,4,10,14,0,2,0,2,1,3,-0.896,813,47
"814","2021-07-01_592741",1,2021,28,5,2,4,11,18,0,3,1,2,2,0,0.641,814,48
"815","2021-07-02_664141",1,2021,15,4,4,3,7,6,0,2,1,1,0,2,-0.165,815,49
"816","2021-07-03_607572",1,2021,21,5,5,0,3,12,0,2,1,1,3,0,1.137,816,50
"817","2021-07-04_593144",1,2021,7,1,1,1,3,4,1,1,0,1,0,0,-0.328,817,51
"818","2021-07-05_543507",1,2021,17,4,4,3,8,8,0,1,0,1,0,3,-0.735,818,52
"819","2021-07-07_476594",1,2021,31,7,8,2,10,15,1,3,1,2,1,3,0.334,819,53
"820","2021-07-08_592612",1,2021,13,4,3,3,6,6,0,2,0,2,0,1,-0.057,820,54
"821","2021-07-09_489119",1,2021,21,4,6,1,5,12,2,3,0,3,1,0,-0.729,821,55
"822","2021-07-10_661269",1,2021,10,3,0,0,6,4,0,3,2,1,0,0,0.057,822,56
"823","2021-07-11_448281",1,2021,21,4,5,1,7,11,1,3,1,2,0,1,-0.602,823,57
"824","2021-07-16_592612",1,2021,23,5,4,2,9,14,1,3,0,3,1,1,-0.473,824,58
"825","2021-07-17_448281",1,2021,30,6,2,4,17,15,0,4,2,2,1,1,0.652,825,59
"826","2021-07-18_543243",1,2021,20,5,3,2,8,12,2,4,2,2,0,1,0.081,826,60
"827","2021-07-20_501985",1,2021,15,4,4,0,5,8,0,3,0,3,0,1,-0.827,827,61
"828","2021-07-21_641394",1,2021,14,4,2,1,5,7,0,3,2,1,0,1,1.479,828,62
"829","2021-07-23_607481",1,2021,15,5,3,0,4,7,0,4,1,3,1,0,0.684,829,63
"830","2021-07-24_607074",1,2021,17,4,5,4,7,10,0,1,0,1,0,3,-1.366,830,64
"831","2021-07-25_458681",1,2021,14,4,2,2,8,7,1,2,0,2,0,2,-1.301,831,65
"832","2021-08-07_453265",1,2021,6,1,0,0,3,3,0,0,0,0,0,1,-0.242,832,66
"833","2021-08-08_453265",1,2021,22,4,2,2,10,14,0,2,0,2,1,1,-0.227,833,67
"834","2021-08-10_571521",1,2021,22,5,4,4,8,13,0,4,0,4,0,1,-0.904,834,68
"835","2021-08-11_453562",1,2021,23,5,5,1,6,11,0,3,1,2,1,1,0.51,835,69
"836","2021-08-12_543294",1,2021,18,6,2,0,10,7,0,6,2,4,0,0,-0.633,836,70
"837","2021-08-14_592741",1,2021,21,7,2,2,11,8,0,5,2,3,1,1,0.355,837,71
"838","2021-08-15_596071",1,2021,14,4,3,2,7,4,0,2,2,0,0,2,0.516,838,72
"839","2021-08-17_425794",1,2021,25,5,6,3,11,9,0,2,2,0,0,3,-0.849,839,73
"840","2021-08-18_606149",1,2021,22,5,5,0,8,13,2,4,1,3,0,1,-0.845,840,74
"841","2021-08-19_452657",1,2021,13,4,2,0,6,6,0,4,1,3,0,0,0.148,841,75
"842","2021-08-20_600921",1,2021,1,1,0,0,1,0,0,1,0,1,0,0,-0.539,842,76
"843","2021-08-21_457915",1,2021,18,5,1,1,11,7,0,5,3,2,0,0,3.788,843,77
"844","2021-08-22_543594",1,2021,18,5,5,1,6,7,0,4,2,2,0,1,-0.218,844,78
"845","2021-08-24_571710",1,2021,20,4,4,4,9,7,0,3,1,2,0,1,-0.346,845,79
"846","2021-08-25_607237",1,2021,16,4,2,1,6,7,0,3,1,1,1,0,1.167,846,80
"847","2021-08-26_543243",1,2021,14,4,4,0,5,6,0,3,1,2,1,0,0.083,847,81
"848","2021-08-27_452027",1,2021,21,4,5,1,8,10,0,2,1,1,1,1,-0.016,848,82
"849","2021-08-28_573204",1,2021,12,4,1,3,7,6,0,3,1,2,0,1,-0.636,849,83
"850","2021-08-29_621248",1,2021,20,5,3,0,9,10,0,4,2,2,1,0,0.108,850,84
"851","2021-08-30_453265",1,2021,15,5,0,2,10,6,0,4,1,3,0,1,-0.568,851,85
"852","2021-08-31_456501",1,2021,16,5,2,1,9,7,0,4,2,2,0,1,-0.267,852,86
"853","2021-09-01_453265",1,2021,22,5,4,4,10,10,1,2,1,1,1,2,-0.886,853,87
"854","2021-09-02_459429",1,2021,12,4,1,2,5,9,0,2,0,2,1,1,-0.225,854,88
"855","2021-09-03_425794",1,2021,11,2,3,0,5,4,1,1,0,1,0,1,-0.265,855,89
"856","2021-09-04_547942",1,2021,24,4,3,4,13,11,0,2,1,1,0,2,0.064,856,90
"857","2021-09-05_606149",1,2021,2,1,0,0,1,1,0,1,0,1,0,0,-0.806,857,91
"858","2021-09-06_519043",1,2021,18,4,3,0,9,9,0,3,2,1,0,1,-0.169,858,92
"859","2021-09-07_592135",1,2021,25,5,4,0,12,10,0,4,3,1,0,1,1.615,859,93
"860","2021-09-08_502043",1,2021,17,4,3,2,8,8,0,3,1,2,0,1,0.00799999999999994,860,94
"861","2021-09-10_656529",1,2021,26,5,3,1,14,14,1,5,1,4,0,0,-0.476,861,95
"862","2021-09-11_453284",1,2021,15,4,2,2,7,8,0,3,1,2,1,0,0.715,862,96
"863","2021-09-12_543766",1,2021,17,5,4,5,10,6,0,3,0,3,0,2,-1.614,863,97
"864","2021-09-14_503449",1,2021,20,5,2,2,11,9,0,4,0,4,0,1,-1.665,864,98
"865","2021-09-15_605242",1,2021,20,4,2,1,10,9,0,3,0,3,0,1,-0.611,865,99
"866","2021-09-17_596027",1,2021,24,5,3,0,6,17,1,3,1,2,2,0,1.713,866,100
"867","2021-09-18_640470",1,2021,19,4,0,7,10,12,0,1,1,0,0,3,-0.374,867,101
"868","2021-09-19_592716",1,2021,19,5,5,0,8,9,1,5,1,4,0,0,-0.511,868,102
"869","2021-09-20_452657",1,2021,16,3,2,2,9,7,0,3,0,3,0,0,-0.508,869,103
"870","2021-09-21_472610",1,2021,1,1,0,0,1,0,0,1,0,1,0,0,-0.241,870,104
"871","2021-09-22_453192",1,2021,18,4,5,1,7,9,2,3,0,3,0,1,-0.61,871,105
"872","2021-09-23_425794",1,2021,24,4,4,3,9,14,0,2,0,2,1,1,-0.051,872,106
"873","2021-09-24_543272",1,2021,18,4,3,0,5,11,0,3,2,1,1,0,1.858,873,107
"874","2021-09-25_448179",1,2021,13,4,4,1,7,3,0,4,1,3,0,0,-0.689,874,108
"875","2021-09-26_471911",1,2021,22,5,5,1,8,12,1,3,1,2,2,0,-0.58,875,109
"876","2021-09-28_425794",1,2021,18,4,4,0,8,9,2,3,0,3,0,1,-0.597,876,110
"877","2021-09-29_453192",1,2021,17,4,3,1,6,9,0,2,2,0,1,1,0.543,877,111
"878","2021-10-01_477132",1,2021,22,4,1,1,10,11,0,3,2,1,1,0,0.422,878,112
"879","2021-10-02_456034",1,2021,19,4,1,2,11,12,0,3,0,3,1,0,-0.517,879,113
"880","2022-04-07_455119",1,2022,18,5,4,2,6,9,0,3,0,3,1,1,-1.03,880,1
"881","2022-04-09_624522",1,2022,19,4,2,1,7,10,0,1,1,0,1,1,1.131,881,2
"882","2022-04-10_445926",1,2022,19,4,4,1,6,10,1,2,2,0,1,1,1.042,882,3
"883","2022-04-11_657508",1,2022,15,4,4,2,4,7,0,2,1,1,1,1,0.427,883,4
"884","2022-04-12_607216",1,2022,19,5,5,1,7,8,0,3,1,2,1,1,-0.271,884,5
"885","2022-04-13_605347",1,2022,13,4,4,1,4,6,0,3,0,3,0,1,-0.506,885,6
"886","2022-04-14_425794",1,2022,13,4,3,2,7,5,1,3,1,2,0,1,-0.718,886,7
"887","2022-04-15_571945",1,2022,21,4,4,4,11,9,1,0,0,0,0,4,-0.771,887,8
"888","2022-04-17_519008",1,2022,23,5,6,1,5,15,1,3,0,3,2,0,0.262,888,9
"889","2022-04-18_596071",1,2022,14,4,3,1,4,8,0,2,2,0,1,1,3.747,889,10
"890","2022-04-19_664141",1,2022,17,4,4,3,6,9,0,2,0,2,0,2,-0.634,890,11
"891","2022-04-20_607455",1,2022,18,4,2,2,10,9,0,3,0,3,0,1,-0.57,891,12
"892","2022-04-22_621237",1,2022,13,4,0,3,10,4,0,3,1,1,0,1,0.0900000000000001,892,13
"893","2022-04-23_554430",1,2022,13,4,5,0,4,4,0,3,1,2,0,1,0.118,893,14
"894","2022-04-24_605400",1,2022,18,4,4,2,9,7,0,2,0,2,0,2,-0.82,894,15
"895","2022-04-25_459429",1,2022,12,4,4,0,4,6,0,4,1,3,0,0,-0.286,895,16
"896","2022-04-26_592390",1,2022,25,5,3,1,13,14,0,5,0,5,0,0,-1.094,896,17
"897","2022-04-27_596071",1,2022,11,4,2,1,6,4,0,4,1,3,0,0,0.05,897,18
"898","2022-04-28_608717",1,2022,1,1,0,0,1,1,0,1,1,0,0,0,0.016,898,19
"899","2022-04-29_543294",1,2022,22,5,4,2,6,11,0,2,1,1,2,1,1.541,899,20
"900","2022-04-30_621074",1,2022,21,5,6,1,7,13,2,3,3,0,0,2,2.153,900,21
"901","2022-05-01_502085",1,2022,16,4,4,0,5,8,0,3,0,3,0,1,-1.066,901,22
"902","2022-05-03_641816",1,2022,21,4,4,3,7,14,1,1,0,1,2,1,0.371,902,23
"903","2022-05-04_571656",1,2022,21,5,4,1,7,12,1,3,2,1,1,1,2.077,903,24
"904","2022-05-05_570666",1,2022,22,5,5,1,9,9,0,4,3,1,0,1,1.689,904,25
"905","2022-05-06_445926",1,2022,18,5,3,2,10,5,0,4,2,2,0,1,0.471,905,26
"906","2022-05-07_445276",1,2022,19,4,3,3,12,8,0,4,1,3,0,0,-0.109,906,27
"907","2022-05-08_450203",1,2022,17,4,3,3,7,9,0,2,0,2,0,1,-0.358,907,28
"908","2022-05-09_570666",1,2022,19,4,4,1,7,13,0,2,0,2,1,1,-0.382,908,29
"909","2022-05-10_519326",1,2022,24,5,4,1,7,14,2,3,0,3,2,0,-0.621,909,30
"910","2022-05-11_656546",1,2022,16,5,3,0,6,8,1,5,4,1,0,0,3.924,910,31
"911","2022-05-13_641154",1,2022,14,4,3,2,6,9,2,2,1,1,0,2,0.048,911,32
"912","2022-05-14_571670",1,2022,19,4,5,3,7,8,0,2,1,1,0,2,-0.405,912,33
"913","2022-05-15_622694",1,2022,24,5,1,3,9,13,0,2,0,1,2,1,0.49,913,34
"914","2022-05-16_666120",1,2022,19,4,5,0,6,8,1,3,0,2,0,1,-0.248,914,35
"915","2022-05-17_621345",1,2022,16,4,3,0,3,10,2,2,0,2,1,1,-0.597,915,36
"916","2022-05-18_503285",1,2022,18,5,5,1,9,4,0,4,1,3,0,1,-0.403,916,37
"917","2022-05-20_607200",1,2022,17,4,3,1,7,8,0,3,2,1,0,1,-0.118,917,38
"918","2022-05-21_541640",1,2022,17,5,4,0,5,8,0,5,2,3,0,0,-0.104,918,39
"919","2022-05-22_592717",1,2022,19,4,2,4,10,8,0,2,0,2,0,2,-1.338,919,40
"920","2022-05-23_472610",1,2022,15,5,3,0,5,8,1,4,1,3,1,0,0.471,920,41
"921","2022-05-24_605483",1,2022,28,4,3,3,13,15,0,2,1,1,0,2,0.096,921,42
"922","2022-05-25_472610",1,2022,10,4,2,0,4,5,0,4,0,4,0,0,-1.037,922,43
"923","2022-05-26_425794",1,2022,31,5,7,2,12,15,1,2,2,0,1,2,1.298,923,44
"924","2022-05-27_641712",1,2022,25,4,3,0,9,14,1,1,0,1,2,1,0.476,924,45
"925","2022-05-28_663765",1,2022,20,4,4,1,9,8,0,3,1,1,0,1,0.228,925,46
"926","2022-05-29_519008",1,2022,22,5,4,2,10,10,1,3,0,3,0,2,-1.295,926,47
